Origin,Activity ID,Vespa Category,Activity Name_en,Activity Name_cy,Month,Book,Activity Slides_en,Activity PDF_en,Activity Slides_cy,Activity PDF_cy,Welsh,Record ID
ALevel Mindset,89,Practice,2 Slow 1 Fast,2 Araf 1 Cyflym,April,ALevel Mindset,"<iframe src=""https://docs.google.com/presentation/d/e/2PACX-1vRsktcpCscBFf1UC4Z24R4z3fTbTa4estvnXzEHGLBNU7CXPkBIVk1bz4BxSCoUdNKdsHRDj5jpsrx7/embed?start=false&loop=true&delayms=30000"" width=""480"" height=""299"" allowfullscreen=""true"">
</iframe>
<hr style=""height:2px;background-color:#a986ff;border:none"" />
<p style=""text-align:center""><strong><a href=""https://www.vespa.academy/assets/MVIMAGES/ALEVELMindsetPdfs/P5-2%20Slow%2C1%20Fast.pdf"" target=""_blank""><span style=""color:rgb(128, 100, 162)"">DOWNLOAD PDF</span></a></strong>
</p>
<hr style=""height:2px;background-color:#a986ff;border:none"" />",,,,No,607f3f48e913fa001c6acde1
ALevel Mindset,88,Practice,The Leitner Box,Blwch Leitner,April,ALevel Mindset,"<iframe src=""https://vespa-academy.slides.com/vespaslides/leitnerbox/embed?token=xnRiwm7A"" width=""576"" height=""420"" title=""Practice - Leitner Box"" allowfullscreen>
</iframe><hr style=""height:2px;background-color:#a986ff;border:none"" /><p style=""text-align:center""><strong><a href=""https://www.vespa.academy/assets/MVIMAGES/ALEVELMindsetPdfs/P4-Leitner Box.pdf"" target=""_blank""><span style=""color:rgb(95, 73, 122)"">DOWNLOAD PDF</span></a></strong>
</p><hr style=""height:2px;background-color:#a986ff;border:none"" />",,,,No,607f3f31c95d72001ecc1c3f
VESPA Handbook,216,Vision,6 Types of Goal,6 Math o Nod,September,VESPA Handbook,"<iframe src=""https://vespa-academy.slides.com/vespaslides/effort-disruption-cost-deep-work/embed?token=LWUwh5YB"" width=""576"" height=""420"" title=""EFFORT - Six Types of Goal"" allowfullscreen>
</iframe>",,,,No,66e31b4b81c24402cfe24c29
VESPA Handbook,214,Attitude,Worst Case Scenarios,Senarios Gwaethaf,April,VESPA Handbook,"<iframe src=""https://www.vespa.academy/assets/VESPAResources/VESPAHandbook/ATTITUDE/worstcasescenarios/slides.html"" width=""576"" height=""420"" title=""ATTITUDE - Worst Case Scenarios"" allowfullscreen>
</iframe>
<hr style=""height:2px;background-color:#FFA500;border:none"" />
<p style=""text-align:center""><strong><a href=""https://www.vespa.academy/assets/MVIMAGES/VESPAHandbookPdfs/ATTITUDE/ATTITUDE%20-%20Worst%20Case%20Scenarios%28editable%29.pdf"" target=""_blank""><span style=""color:rgb(227, 108, 9)"">DOWNLOAD PDF</span></a></strong>
</p>
<hr style=""height:2px;background-color:#FFA500;border:none"" />",,,,No,66cb9078ae5c8a02d61650e5
VESPA Handbook,213,Attitude,The Myth of the Curve,Myth y Gromlin,March,VESPA Handbook,"<iframe src=""https://www.vespa.academy/assets/VESPAResources/VESPAHandbook/ATTITUDE/themythofthecurve/slides.html"" width=""576"" height=""420"" title=""ATTITUDE - The Myth of the Curve"" allowfullscreen>
</iframe>
<hr style=""height:2px;background-color:#FFA500;border:none"" />
<p style=""text-align:center""><strong><a href=""https://www.vespa.academy/assets/MVIMAGES/VESPAHandbookPdfs/ATTITUDE/ATTITUDE%20-%20The%20Myth%20of%20the%20Curve%28editable%29.pdf"" target=""_blank""><span style=""color:rgb(227, 108, 9)"">DOWNLOAD PDF</span></a></strong>
</p>
<hr style=""height:2px;background-color:#FFA500;border:none"" />",,"<iframe src=""https://slides.com/vespaslides/y-gromlin-newid/embed?token=B4KAqni4;mouseWheel=true"" width=""576"" height=""420"" title=""Myth y Gromlin"" allowfullscreen>
</iframe><hr style=""height:2px;background-color:#FFA500;border:none"" /><p style=""text-align:center""><strong><a href=""https://www.vespa.academy/assets/MVIMAGES/WelshPDFs/L3/A6-Y%20Gromlin%20Newid.pdf"" target=""_blank""><span style=""color:rgb(227, 108, 9)"">LAWRLWYTHWCH PDF</span></a></strong>
</p><hr style=""height:2px;background-color:#FFA500;border:none"" />",,Yes,66cb9078ae5c8a02d61650de
VESPA Handbook,212,Attitude,Think Three Positives,Meddwl am Dri Phositif,January,VESPA Handbook,"<iframe src=""https://www.vespa.academy/assets/VESPAResources/VESPAHandbook/ATTITUDE/thinkthreepositives/slides.html"" width=""576"" height=""420"" title=""ATTITUDE - Think Three Positives"" allowfullscreen>
</iframe>
<hr style=""height:2px;background-color:#FFA500;border:none"" />
<p style=""text-align:center""><strong><a href=""https://www.vespa.academy/assets/MVIMAGES/VESPAHandbookPdfs/ATTITUDE/ATTITUDE%20-%20Think%20Three%20Positives%28editable%29.pdf"" target=""_blank""><span style=""color:rgb(227, 108, 9)"">DOWNLOAD PDF</span></a></strong>
</p>
<hr style=""height:2px;background-color:#FFA500;border:none"" />",,,,No,66cb9078ae5c8a02d61650d7
VESPA Handbook,211,Attitude,O.D.A,O.D.A,December,VESPA Handbook,"<iframe src=""https://www.vespa.academy/assets/VESPAResources/VESPAHandbook/ATTITUDE/O.D.A/slides.html"" width=""576"" height=""420"" title=""ATTITUDE - O.D.A"" allowfullscreen>
</iframe>
<hr style=""height:2px;background-color:#FFA500;border:none"" />
<p style=""text-align:center""><strong><a href=""https://www.vespa.academy/assets/MVIMAGES/VESPAHandbookPdfs/ATTITUDE/ATTITUDE%20-%20ODA%28editable%29.pdf"" target=""_blank""><span style=""color:rgb(227, 108, 9)"">DOWNLOAD PDF</span></a></strong>
</p>
<hr style=""height:2px;background-color:#FFA500;border:none"" />",,,,No,66cb9078ae5c8a02d61650d0
VESPA Handbook,210,Attitude,"5,5,5","5,5,5",Febuary,VESPA Handbook,"<iframe src=""https://www.vespa.academy/assets/VESPAResources/VESPAHandbook/ATTITUDE/555/slides.html"" width=""576"" height=""420"" title=""ATTITUDE - 5,5,5"" allowfullscreen>
</iframe>
<hr style=""height:2px;background-color:#FFA500;border:none"" />
<p style=""text-align:center""><strong><a href=""https://www.vespa.academy/assets/MVIMAGES/VESPAHandbookPdfs/ATTITUDE/ATTITUDE%20-%205%2C5%2C5.pdf"" target=""_blank""><span style=""color:rgb(227, 108, 9)"">DOWNLOAD PDF</span></a></strong>
</p>
<hr style=""height:2px;background-color:#FFA500;border:none"" />",,,,No,66cb9078ae5c8a02d61650c9
VESPA Handbook,209,Attitude,A Dozen Noticeboards,Dwsin o Hysbysfyrddau,June,VESPA Handbook,"<iframe src=""https://www.vespa.academy/assets/VESPAResources/VESPAHandbook/ATTITUDE/adozenoticeboards/slides.html"" width=""576"" height=""420"" title=""ATTITUDE - A Dozen Noticeboards"" allowfullscreen>
</iframe>
<hr style=""height:2px;background-color:#FFA500;border:none"" />
<p style=""text-align:center""><strong><a href=""https://www.vespa.academy/assets/MVIMAGES/VESPAHandbookPdfs/ATTITUDE/ATTITUDE%20-%20A%20Dozen%20Noticeboards%28editable%29.pdf"" target=""_blank""><span style=""color:rgb(227, 108, 9)"">DOWNLOAD PDF</span></a></strong>
</p>
<hr style=""height:2px;background-color:#FFA500;border:none"" />",,,,No,66cb9078ae5c8a02d61650c2
VESPA Handbook,208,Attitude,"Check ahead, Check Back","Gwirio Ymlaen, Gwirio'n Ôl",January,VESPA Handbook,"<iframe src=""https://www.vespa.academy/assets/VESPAResources/VESPAHandbook/ATTITUDE/checkaheadcheckback/slides.html"" width=""576"" height=""420"" title=""ATTITUDE - Check ahead, Check Back"" allowfullscreen>
</iframe>
<hr style=""height:2px;background-color:#FFA500;border:none"" />
<p style=""text-align:center""><strong><a href=""https://www.vespa.academy/assets/MVIMAGES/VESPAHandbookPdfs/ATTITUDE/ATTITUDE%20-%20Check%20Ahead%2C%20Check%20Back%28editable%29.pdf"" target=""_blank""><span style=""color:rgb(227, 108, 9)"">DOWNLOAD PDF</span></a></strong>
</p>
<hr style=""height:2px;background-color:#FFA500;border:none"" />",,,,No,66cb9078ae5c8a02d61650bb
VESPA Handbook,207,Attitude,NAF vs NAch,NAF vs NAch,October,VESPA Handbook,"<iframe src=""https://vespa-academy.slides.com/vespaslides/naf-vs-nach/embed?token=GgQuDi1S"" width=""576"" height=""420"" title=""ATTITUDE - NAF vs NAch"" allowfullscreen>
</iframe><hr style=""height:2px;background-color:#FFA500;border:none"" /><p style=""text-align:center""><strong><a href=""https://www.vespa.academy/assets/MVIMAGES/VESPAHandbookPdfs/ATTITUDE/ATTITUDE%20-%20Naf%20vs%20Nach%28editable%29.pdf"" target=""_blank""><span style=""color:rgb(227, 108, 9)"">DOWNLOAD PDF</span></a></strong>
</p><hr style=""height:2px;background-color:#FFA500;border:none"" />",,,,No,66cb9078ae5c8a02d61650b4
ALevel Mindset,85,Practice,Mechanical vs Flexible,Mecanyddol vs Hyblyg,March,ALevel Mindset,"<iframe src=""https://docs.google.com/presentation/d/e/2PACX-1vTtjwXnhTxF34n2bIMNTW_4cCuio3bvT8i8xBnsfq_Ga98_7SkUUyui2EDYnHB3NLLreamdUTdngecQ/embed?start=false&loop=true&delayms=30000"" width=""480"" height=""299"" allowfullscreen=""true"">
</iframe>
<hr style=""height:2px;background-color:#a986ff;border:none"" />
<p style=""text-align:center""><strong><a href=""https://www.vespa.academy/assets/MVIMAGES/ALEVELMindsetPdfs/P8-Mechanical vs Flexible.pdf"" target=""_blank""><span style=""color:rgb(95, 73, 122)"">DOWNLOAD PDF</span></a></strong>
</p>
<hr style=""height:2px;background-color:#a986ff;border:none"" />",,,,No,607f3e5c3b9a8f001d7a0106
ALevel Mindset,83,Practice,Know the Skills,Adnabod y Sgiliau,March,ALevel Mindset,"<iframe src=""https://docs.google.com/presentation/d/e/2PACX-1vTaHAyl0PQhffLZe4mfP3AXPiDtDgBxfdUsYA9esEGszcKIZRYuG8niYH2WHrq8YSDheV4Z0qS7utGN/embed?start=false&loop=true&delayms=30000"" width=""480"" height=""299"" allowfullscreen=""true"">
</iframe><hr style=""height:2px;background-color:#a986ff;border:none"" /><p style=""text-align:center""><strong><a href=""https://www.vespa.academy/assets/MVIMAGES/ALEVELMindsetPdfs/P2 - Know the Skills.pdf"" target=""_blank""><span style=""color:rgb(95, 73, 122)"">DOWNLOAD PDF</span></a></strong>
</p><hr style=""height:2px;background-color:#a986ff;border:none"" />",,,,No,607f3e2fe913fa001c6accf2
ALevel Mindset,81,Practice,Graphic Organisers,Trefnyddion Graffig,February,ALevel Mindset,"<iframe src=""https://docs.google.com/presentation/d/e/2PACX-1vQJq6-u3q2WKUXNFTM1kOzRKY5Rm5ZuO7b-Hl1A8ue603tGlYCGphEwcYHbEfeLXHoACih8yZ_HF2jA/embed?start=false&loop=true&delayms=30000"" width=""480"" height=""299"" allowfullscreen=""true"">
</iframe>
<hr style=""height:2px;background-color:#a986ff;border:none"" />
<p style=""text-align:center""><strong><a href=""https://www.vespa.academy/assets/MVIMAGES/ALEVELMindsetPdfs/P3-Graphic Organisers.pdf"" target=""_blank""><span style=""color:rgb(95, 73, 122)"">DOWNLOAD PDF</span></a></strong>
</p>
<hr style=""height:2px;background-color:#a986ff;border:none"" />",,,,No,607f3d6c0f0db5001c46374f
ALevel Mindset,76,Practice,"Right, Wrong, Right","Cywir, Anghywir, Cywir",January,ALevel Mindset,"<iframe src=""https://docs.google.com/presentation/d/e/2PACX-1vS0ssy8v6pUJSTQ1-TxrhAZtv8LKydfx25oX3naDf2U6u_Lxc_nfFBd1FidK6sdeBz45aP-S_3KPedL/embed?start=false&loop=true&delayms=30000"" width=""480"" height=""299"" allowfullscreen=""true"">
</iframe>
<hr style=""height:2px;background-color:#a986ff;border:none"" />
<p style=""text-align:center""><strong><a href=""https://www.vespa.academy/assets/MVIMAGES/ALEVELMindsetPdfs/P6-Right,Wrong,Right.pdf"" target=""_blank""><span style=""color:rgb(95, 73, 122)"">DOWNLOAD PDF</span></a></strong>
</p>
<hr style=""height:2px;background-color:#a986ff;border:none"" />",,,,No,607f3bf40f0db5001c463537
ALevel Mindset,71,Practice,Learning from your Mistakes,Dysgu o'ch Camgymeriadau,December,ALevel Mindset,"<iframe src=""https://docs.google.com/presentation/d/e/2PACX-1vTmMEpJXRFr85FKfguzke39J0CC5_XQ3zX0Ic_A41wg4uq6NkzLKEmwxXJxN3ah1gCNF0SXOK5HuY-6/embed?start=false&loop=true&delayms=30000"" width=""480"" height=""299"" allowfullscreen=""true"">
</iframe>
<hr style=""height:2px;background-color:#a986ff;border:none"" />
<p style=""text-align:center""><strong><a href=""https://www.vespa.academy/assets/MVIMAGES/ALEVELMindsetPdfs/P7-Learn from Mistakes.pdf"" target=""_blank""><span style=""color:rgb(95, 73, 122)"">DOWNLOAD PDF</span></a></strong>
</p>
<hr style=""height:2px;background-color:#a986ff;border:none"" />",,,,No,607f3a42e913fa001c6ac9ed
ALevel Mindset,61,Practice,The Revision Questionnaire,Yr Holiadur Adolygu,October,ALevel Mindset,"<iframe src=""https://docs.google.com/presentation/d/1-jJ9-1CvD2OR9JfpTYPoxarBorrWLe-WEC5BEX3rCbQ/embed?start=false&loop=false&delayms=3000"" width=""480"" height=""299"" allowfullscreen=""true"">
</iframe><hr style=""height:2px;background-color:#a986ff;border:none"" /><p style=""text-align:center""><strong><a href=""https://www.vespa.academy/assets/MVIMAGES/LEVEL2PDFS/PRACTICE - Practice Questionnaire.pdf"" target=""_blank""><span style=""color:rgb(95, 73, 122)"">DOWNLOAD PDF</span></a></strong>
</p><hr style=""height:2px;background-color:#a986ff;border:none"" />",,"<iframe src=""https://slides.com/vespaslides/yr-holiadur-adolygu-c718ba/embed?token=4wscm_9c;mouseWheel=true"" width=""576"" height=""420"" title=""6.AGWEDD - Yr Holiadur Adolygu"" allowfullscreen>
</iframe><hr style=""height:2px;background-color:#FFA500;border:none"" /><p style=""text-align:center""><strong><a href=""https://www.vespa.academy/assets/MVIMAGES/WelshPDFs/L3/P1-Yr%20Holiadur%20Adolygu.pdf"" target=""_blank""><span style=""color:rgb(227, 108, 9)"">LAWRLWYTHWCH PDF</span></a></strong>
</p><hr style=""height:2px;background-color:#FFA500;border:none"" /><p>e></p>",,Yes,607f31b32e418a0021b81dff
GCSE Mindset,46,Practice,High Flow Spaces,Gofodau Llif Uchel,April,GCSE Mindset,"<iframe src=""https://docs.google.com/presentation/d/e/2PACX-1vTzr3rjG6H7Vd7ZfkQCnDcTNfyjQQ9E209iu1HSNXS7qLRK0senYBh0RCau5JuhZF6OwQPU1Teocbde/embed?start=false&loop=true&delayms=30000"" width=""480"" height=""299"" allowfullscreen=""true"">
</iframe><hr style=""height:2px;background-color:#a986ff;border:none"" /><p style=""text-align:center""><strong><a href=""https://www.vespa.academy/assets/MVIMAGES/GCSEMindsetPDFS/PRACTICE - High Flow Spaces.pdf"" target=""_blank""><span style=""color:rgb(95, 73, 122)"">DOWNLOAD PDF</span></a></strong>
</p><hr style=""height:2px;background-color:#a986ff;border:none"" />",,,,No,607ae44bb9af42001b0d5f19
GCSE Mindset,45,Practice,Finding Flow,Darganfod Llif,April,GCSE Mindset,"<iframe src=""https://docs.google.com/presentation/d/e/2PACX-1vSVjM2YbBizHgO90AXGxiaF6jHvAEaNLxAXixE6BePt2mi8lk1RpPxZvuslEyM_A_10FbYNab7pEIxm/embed?start=false&loop=true&delayms=30000"" width=""480"" height=""299"" allowfullscreen=""true"">
</iframe><hr style=""height:2px;background-color:#a986ff;border:none"" /><p style=""text-align:center""><strong><a href=""https://www.vespa.academy/assets/MVIMAGES/GCSEMindsetPDFS/PRACTICE - Finding Flow.pdf"" target=""_blank""><span style=""color:rgb(95, 73, 122)"">DOWNLOAD PDF</span></a></strong>
</p><hr style=""height:2px;background-color:#a986ff;border:none"" />",,,,No,607ae41176f731001b3b3062
VESPA Handbook,198,Systems,1% Planning,Cynllunio 1%,Febuary,VESPA Handbook,"<iframe src=""https://www.vespa.academy/assets/VESPAResources/VESPAHandbook/SYSTEMS/1%25planning/slides.html"" width=""576"" height=""420"" title=""SYSTEMS - 1% Planning"" allowfullscreen>
</iframe>
<hr style=""height:2px;background-color:#FFA500;border:none"" />
<p style=""text-align:center""><strong><a href=""https://www.vespa.academy/assets/MVIMAGES/VESPAHandbookPdfs/SYSTEMS/SYSTEMS%20-%201%25%20Planning%28editable%29.pdf"" target=""_blank""><span style=""color:rgb(227, 108, 9)"">DOWNLOAD PDF</span></a></strong>
</p>
<hr style=""height:2px;background-color:#FFA500;border:none"" />",,,,No,66cb9078ae5c8a02d6165075
VESPA Handbook,197,Systems,Cornell Notes,Nodiadau Cornell,October,VESPA Handbook,"<iframe src=""https://www.vespa.academy/assets/VESPAResources/VESPAHandbook/SYSTEMS/cornellnotes/slides.html"" width=""576"" height=""420"" title=""SYSTEMS - Cornell Notes"" allowfullscreen>
</iframe>
<hr style=""height:2px;background-color:#FFA500;border:none"" />
<p style=""text-align:center""><strong><a href=""https://www.vespa.academy/assets/MVIMAGES/VESPAHandbookPdfs/SYSTEMS/SYSTEMS%20-%20Cornell%20Notes%28editable%29.pdf"" target=""_blank""><span style=""color:rgb(227, 108, 9)"">DOWNLOAD PDF</span></a></strong>
</p>
<hr style=""height:2px;background-color:#FFA500;border:none"" />",,,,No,66cb9078ae5c8a02d616506e
VESPA Handbook,196,Systems,"Have to, Ought to, Want to","Rhaid, Dylwn, Eisiau",December,VESPA Handbook,"<iframe src=""https://www.vespa.academy/assets/VESPAResources/VESPAHandbook/SYSTEMS/havetooughttowantto/slides.html"" width=""576"" height=""420"" title=""SYSTEMS - Have to, Ought to, Want to"" allowfullscreen>
</iframe>
<hr style=""height:2px;background-color:#FFA500;border:none"" />
<p style=""text-align:center""><strong><a href=""https://www.vespa.academy/assets/MVIMAGES/VESPAHandbookPdfs/SYSTEMS/SYSTEMS%20-%20Have%20to%2COught%20to%2CWant%20to%28editable%29.pdf"" target=""_blank""><span style=""color:rgb(227, 108, 9)"">DOWNLOAD PDF</span></a></strong>
</p>
<hr style=""height:2px;background-color:#FFA500;border:none"" />",,,,No,66cb9078ae5c8a02d6165067
VESPA Handbook,195,Systems,The Catch-Up Week,Yr Wythnos Dal i Fyny,January,VESPA Handbook,"<iframe src=""https://www.vespa.academy/assets/VESPAResources/VESPAHandbook/SYSTEMS/thecatchupweek/slides.html"" width=""576"" height=""420"" title=""SYSTEMS - The Catch-Up Week"" allowfullscreen>
</iframe>
<hr style=""height:2px;background-color:#FFA500;border:none"" />
<p style=""text-align:center""><strong><a href=""https://www.vespa.academy/assets/MVIMAGES/VESPAHandbookPdfs/SYSTEMS/SYSTEMS%20-%20Catch%20Up%20Week%28editable%29.pdf"" target=""_blank""><span style=""color:rgb(227, 108, 9)"">DOWNLOAD PDF</span></a></strong>
</p>
<hr style=""height:2px;background-color:#FFA500;border:none"" />",,,,No,66cb9078ae5c8a02d6165060
VESPA Handbook,194,Systems,Boosters & Sappers (energy Makes Time),Hybuwr a Sugnwyr (Mae Egni'n Creu Amser),June,VESPA Handbook,"<iframe src=""https://www.vespa.academy/assets/VESPAResources/VESPAHandbook/SYSTEMS/boosters%26sappers/slides.html"" width=""576"" height=""420"" title=""SYSTEMS - Boosters & Sappers (energy Makes Time)"" allowfullscreen>
</iframe>
<hr style=""height:2px;background-color:#FFA500;border:none"" />
<p style=""text-align:center""><strong><a href=""https://www.vespa.academy/assets/MVIMAGES/VESPAHandbookPdfs/SYSTEMS/SYSTEMS%20-%20Boosters%20%26%20Sappers.pdf"" target=""_blank""><span style=""color:rgb(227, 108, 9)"">DOWNLOAD PDF</span></a></strong>
</p>
<hr style=""height:2px;background-color:#FFA500;border:none"" />",,,,No,66cb9078ae5c8a02d6165059
VESPA Handbook,193,Systems,"Pending, Doing, Done","Ar y Gweill, Yn Gwneud, Wedi Gorffen",October,GCSE Mindset,"<iframe src=""https://www.vespa.academy/assets/VESPAResources/VESPAHandbook/SYSTEMS/pendingdoingdone/slides.html"" width=""576"" height=""420"" title=""SYSTEMS - Pending, Doing, Done"" allowfullscreen>
</iframe>
<hr style=""height:2px;background-color:#FFA500;border:none"" />
<p style=""text-align:center""><strong><a href=""https://www.vespa.academy/assets/MVIMAGES/VESPAHandbookPdfs/SYSTEMS/SYSTEMS%20-%20Pending%2C%20Doing%2C%20Done.pdf"" target=""_blank""><span style=""color:rgb(227, 108, 9)"">DOWNLOAD PDF</span></a></strong>
</p>
<hr style=""height:2px;background-color:#FFA500;border:none"" />",,,,No,66cb9078ae5c8a02d6165052
VESPA Handbook,192,Systems,Night School,Ysgol Nos,September,VESPA Handbook,"<iframe src=""https://www.vespa.academy/assets/VESPAResources/VESPAHandbook/SYSTEMS/nightschool/slides.html"" width=""576"" height=""420"" title=""SYSTEMS - Night School"" allowfullscreen>
</iframe>
<hr style=""height:2px;background-color:#FFA500;border:none"" />
<p style=""text-align:center""><strong><a href=""https://www.vespa.academy/assets/MVIMAGES/VESPAHandbookPdfs/SYSTEMS/SYSTEMS%20-%20Night%20School.pdf"" target=""_blank""><span style=""color:rgb(227, 108, 9)"">DOWNLOAD PDF</span></a></strong>
</p>
<hr style=""height:2px;background-color:#FFA500;border:none"" />",,,,No,66cb9078ae5c8a02d616504b
VESPA Handbook,191,Systems,The Sunday Night Ritual,Defod Nos Sul,May,VESPA Handbook,"<iframe src=""https://www.vespa.academy/assets/VESPAResources/VESPAHandbook/SYSTEMS/sundaynightritual/slides.html"" width=""576"" height=""420"" title=""SYSTEMS - The Sunday Night Ritual"" allowfullscreen>
</iframe>
<hr style=""height:2px;background-color:#FFA500;border:none"" />
<p style=""text-align:center""><strong><a href=""https://www.vespa.academy/assets/MVIMAGES/VESPAHandbookPdfs/SYSTEMS/SYSTEMS%20-%20The%20Sunday%20Night%20Ritual%28editable%29.pdf"" target=""_blank""><span style=""color:rgb(227, 108, 9)"">DOWNLOAD PDF</span></a></strong>
</p>
<hr style=""height:2px;background-color:#FFA500;border:none"" />",,,,No,66cb9078ae5c8a02d6165044
VESPA Handbook,190,Effort,Red Flag Rescue Plans,Cynlluniau Achub Baner Goch,April,VESPA Handbook,"<iframe src=""https://www.vespa.academy/assets/VESPAResources/VESPAHandbook/EFFORT/redflagrescue/slides.html"" width=""576"" height=""420"" title=""EFFORT - Red Flag Rescue Plans"" allowfullscreen>
</iframe>
<hr style=""height:2px;background-color:#FFA500;border:none"" />
<p style=""text-align:center""><strong><a href=""https://www.vespa.academy/assets/MVIMAGES/VESPAHandbookPdfs/EFFORT/EFFORT%20-%20Red%20Flag%20Rescue%28editable%29.pdf"" target=""_blank""><span style=""color:rgb(227, 108, 9)"">DOWNLOAD PDF</span></a></strong>
</p>
<hr style=""height:2px;background-color:#FFA500;border:none"" />",,,,No,66cb9078ae5c8a02d616503d
VESPA Handbook,189,Effort,The Clarity Countdown (A safety system for difficult topics),Y Cyfrif i Lawr Eglurder (System ddiogelwch ar gyfer pynciau anodd),March,VESPA Handbook,"<iframe src=""https://www.vespa.academy/assets/VESPAResources/VESPAHandbook/EFFORT/claritycountdown/slides.html"" width=""576"" height=""420"" title=""EFFORT - The Clarity Countdown"" allowfullscreen>
</iframe>
<hr style=""height:2px;background-color:#FFA500;border:none"" />
<p style=""text-align:center""><strong><a href=""https://www.vespa.academy/assets/MVIMAGES/VESPAHandbookPdfs/EFFORT/EFFORT%20-%20Clarity%20Countdown%28editable%29.pdf"" target=""_blank""><span style=""color:rgb(227, 108, 9)"">DOWNLOAD PDF</span></a></strong>
</p>
<hr style=""height:2px;background-color:#FFA500;border:none"" />",,,,No,66cb9078ae5c8a02d6165036
VESPA Handbook,188,Effort,Activating and Sustaining,Actifadu a Chynnal,Febuary,VESPA Handbook,"<iframe src=""https://www.vespa.academy/assets/VESPAResources/VESPAHandbook/EFFORT/activating%26sustaining/slides.html"" width=""576"" height=""420"" title=""EFFORT - Activating and Sustaining"" allowfullscreen>
</iframe>
<hr style=""height:2px;background-color:#FFA500;border:none"" />
<p style=""text-align:center""><strong><a href=""https://www.vespa.academy/assets/MVIMAGES/VESPAHandbookPdfs/EFFORT/EFFORT%20-%20Activating%20%26%20Sustaining%28Editable%29.pdf"" target=""_blank""><span style=""color:rgb(227, 108, 9)"">DOWNLOAD PDF</span></a></strong>
</p>
<hr style=""height:2px;background-color:#FFA500;border:none"" />",,,,No,66cb9078ae5c8a02d616502f
VESPA Handbook,187,Effort,Questify,Questify,January,VESPA Handbook,"<iframe src=""https://www.vespa.academy/assets/VESPAResources/VESPAHandbook/EFFORT/questify/slides.html"" width=""576"" height=""420"" title=""EFFORT - Questify"" allowfullscreen>
</iframe>
<hr style=""height:2px;background-color:#FFA500;border:none"" />
<p style=""text-align:center""><strong><a href=""https://www.vespa.academy/assets/MVIMAGES/VESPAHandbookPdfs/EFFORT/EFFORT%20-%20Questify%28editable%29.pdf"" target=""_blank""><span style=""color:rgb(227, 108, 9)"">DOWNLOAD PDF</span></a></strong>
</p>
<hr style=""height:2px;background-color:#FFA500;border:none"" />",,,,No,66cb9078ae5c8a02d6165028
VESPA Handbook,186,Effort,Disruption Cost and Deep  Work,Cost Tarfu a Gwaith Dwfn,December,VESPA Handbook,"<iframe src=""https://www.vespa.academy/assets/VESPAResources/VESPAHandbook/EFFORT/disruptioncost%26deepwork/slides.html"" width=""576"" height=""420"" title=""EFFORT - Disruption Cost and Deep  Work"" allowfullscreen>
</iframe>
<hr style=""height:2px;background-color:#FFA500;border:none"" />
<p style=""text-align:center""><strong><a href=""https://www.vespa.academy/assets/MVIMAGES/VESPAHandbookPdfs/EFFORT/EFFORT%20-%20Disruption%20Cost%20and%20Deep%20Work%28editable%29.pdf"" target=""_blank""><span style=""color:rgb(227, 108, 9)"">DOWNLOAD PDF</span></a></strong>
</p>
<hr style=""height:2px;background-color:#FFA500;border:none"" />",,,,No,66cb9078ae5c8a02d6165021
VESPA Handbook,185,Effort,Becoming Indestractable,Dod yn Ddi-Dynnu-Sylw,November,VESPA Handbook,"<iframe src=""https://www.vespa.academy/assets/VESPAResources/VESPAHandbook/EFFORT/indestractible/slides.html"" width=""576"" height=""420"" title=""EFFORT - Becoming Indestractable"" allowfullscreen>
</iframe><hr style=""height:2px;background-color:#FFA500;border:none"" /><p style=""text-align:center""><strong><a href=""https://www.vespa.academy/assets/MVIMAGES/VESPAHandbookPdfs/EFFORT/EFFORT%20-%20Indestractible%28editable%29.pdf"" target=""_blank""><span style=""color:rgb(227, 108, 9)"">DOWNLOAD PDF</span></a></strong>
</p><hr style=""height:2px;background-color:#FFA500;border:none"" />",,,,No,66cb9078ae5c8a02d616501a
VESPA Handbook,184,Effort,The Peleton,Y Peloton,November,VESPA Handbook,"<iframe src=""https://www.vespa.academy/assets/VESPAResources/VESPAHandbook/EFFORT/thepeloton/slides.html"" width=""576"" height=""420"" title=""EFFORT - The Peleton"" allowfullscreen>
</iframe>
<hr style=""height:2px;background-color:#FFA500;border:none"" />
<p style=""text-align:center""><strong><a href=""https://www.vespa.academy/assets/MVIMAGES/VESPAHandbookPdfs/EFFORT/EFFORT%20-%20The%20Peleton%28editable%29.pdf"" target=""_blank""><span style=""color:rgb(227, 108, 9)"">DOWNLOAD PDF</span></a></strong>
</p>
<hr style=""height:2px;background-color:#FFA500;border:none"" />",,,,No,66cb9078ae5c8a02d6165013
VESPA Handbook,183,Effort,Proactive vs Re-Active,Rhagweithiol vs Adweithiol,September,VESPA Handbook,"<iframe src=""https://www.vespa.academy/assets/VESPAResources/VESPAHandbook/EFFORT/proactivevsreactive/slides.html"" width=""576"" height=""420"" title=""EFFORT - Proactive vs Re-Active"" allowfullscreen>
</iframe>
<hr style=""height:2px;background-color:#FFA500;border:none"" />
<p style=""text-align:center""><strong><a href=""https://www.vespa.academy/assets/MVIMAGES/VESPAHandbookPdfs/EFFORT/EFFORT%20-%20Proactive%20vs%20Reactive%28editable%29.pdf"" target=""_blank""><span style=""color:rgb(227, 108, 9)"">DOWNLOAD PDF</span></a></strong>
</p>
<hr style=""height:2px;background-color:#FFA500;border:none"" />",,,,No,66cb9078ae5c8a02d616500c
VESPA Handbook,173,Vision,The Search For Meaning,Y Chwilio am Ystyr,June,VESPA Handbook,"<iframe src=""https://vespa-academy.slides.com/vespaslides/victorfrankl/embed?token=E3EWar01"" width=""576"" height=""420"" title=""VISION - The Search for Meaning"" allowfullscreen>
</iframe>",,,,No,66c37906db0d0602d3cd084c
VESPA Handbook,172,Vision,Odyssey Planning,Cynllunio Odyseia,May,VESPA Handbook,"<iframe src=""https://www.vespa.academy/assets/VESPAResources/VESPAHandbook/VISION/odysseyplanning/slides.html"" width=""576"" height=""420"" title=""VISION - Odyssey Planning"" allowfullscreen>
</iframe>
<hr style=""height:2px;background-color:#FFA500;border:none"" />
<p style=""text-align:center""><strong><a href=""https://www.vespa.academy/assets/MVIMAGES/VESPAHandbookPdfs/VISION/VISION%20-%20Odyssey%20Planning%28editable%29.pdf"" target=""_blank""><span style=""color:rgb(227, 108, 9)"">DOWNLOAD PDF</span></a></strong>
</p>
<hr style=""height:2px;background-color:#FFA500;border:none"" />",,,,No,66c37906db0d0602d3cd0841
VESPA Handbook,171,Vision,Lifestyle Envy vs Job Envy,Cenfigen Ffordd o Fyw vs Cenfigen Swydd,April,VESPA Handbook,"<iframe src=""https://www.vespa.academy/assets/VESPAResources/VESPAHandbook/VISION/lifestyleenvyvsjobenvy/slides.html"" width=""576"" height=""420"" title=""VISION - Lifestyle Envy vs Job Envy"" allowfullscreen>
</iframe>
<hr style=""height:2px;background-color:#FFA500;border:none"" />
<p style=""text-align:center""><strong><a href=""https://www.vespa.academy/assets/MVIMAGES/VESPAHandbookPdfs/VISION/VISION%20-%20Lifestyle%20vs%20Job%20Envy%28editable%29.pdf"" target=""_blank""><span style=""color:rgb(227, 108, 9)"">DOWNLOAD PDF</span></a></strong>
</p>
<hr style=""height:2px;background-color:#FFA500;border:none"" />",,,,No,66c37906db0d0602d3cd0836
VESPA Handbook,170,Vision,Divers & Thrivers,Deifwyr a Ffynwyr,March,VESPA Handbook,"<iframe src=""https://www.vespa.academy/assets/VESPAResources/VESPAHandbook/VISION/divers%26thrivers/slides.html"" width=""576"" height=""420"" title=""VISION - Divers & Thrivers"" allowfullscreen>
</iframe>
<hr style=""height:2px;background-color:#FFA500;border:none"" />
<p style=""text-align:center""><strong><a href=""https://www.vespa.academy/assets/MVIMAGES/VESPAHandbookPdfs/VISION/VISION%20-%20Diverandthriver%20Goals%28editable%29.pdf"" target=""_blank""><span style=""color:rgb(227, 108, 9)"">DOWNLOAD PDF</span></a></strong>
</p>
<hr style=""height:2px;background-color:#FFA500;border:none"" />",,,,No,66c37906db0d0602d3cd082b
VESPA Handbook,169,Vision,The Paths are Well Lit,Mae'r Llwybrau wedi'u Goleuo'n Dda,Febuary,VESPA Handbook,"<iframe src=""https://www.vespa.academy/assets/VESPAResources/VESPAHandbook/VISION/pathsarewelllit/slides.html"" width=""576"" height=""420"" title=""VISION - The Paths are Well Lit"" allowfullscreen>
</iframe>
<hr style=""height:2px;background-color:#FFA500;border:none"" />
<p style=""text-align:center""><strong><a href=""https://www.vespa.academy/assets/MVIMAGES/VESPAHandbookPdfs/VISION/VISION%20-%20Paths%20are%20well%20lit%28editable%29.pdf"" target=""_blank""><span style=""color:rgb(227, 108, 9)"">DOWNLOAD PDF</span></a></strong>
</p>
<hr style=""height:2px;background-color:#FFA500;border:none"" />",,,,No,66c37906db0d0602d3cd0820
VESPA Handbook,168,Vision,Outcome Control,Rheoli Canlyniadau,January,VESPA Handbook,"<iframe src=""https://www.vespa.academy/assets/VESPAResources/VESPAHandbook/VISION/outcomecontrol/slides.html"" width=""576"" height=""420"" title=""VISION -Outcome Control"" allowfullscreen>
</iframe>
<hr style=""height:2px;background-color:#FFA500;border:none"" />
<p style=""text-align:center""><strong><a href=""https://www.vespa.academy/assets/MVIMAGES/VESPAHandbookPdfs/VISION/VISION%20-%20Outcome%20Control%28editable%29.pdf"" target=""_blank""><span style=""color:rgb(227, 108, 9)"">DOWNLOAD PDF</span></a></strong>
</p>
<hr style=""height:2px;background-color:#FFA500;border:none"" />",,,,No,66c37906db0d0602d3cd0815
VESPA Handbook,167,Vision,A Question of Money,Cwestiwn o Arian,December,VESPA Handbook,"<iframe src=""https://www.vespa.academy/assets/VESPAResources/VESPAHandbook/VISION/aquestionofmoney/slides.html"" width=""576"" height=""420"" title=""VISION - A Question of Money"" allowfullscreen>
</iframe><hr style=""height:2px;background-color:#FFA500;border:none"" /><p style=""text-align:center""><strong><a href=""https://www.vespa.academy/assets/MVIMAGES/VESPAHandbookPdfs/VISION/VISION%20-%20Question%20of%20Money%28editable%29.pdf"" target=""_blank""><span style=""color:rgb(227, 108, 9)"">DOWNLOAD PDF</span></a></strong>
</p><hr style=""height:2px;background-color:#FFA500;border:none"" />",,,,No,66c37906db0d0602d3cd080a
VESPA Handbook,166,Vision,Ikigai,Ikigai,November,VESPA Handbook,"<iframe src=""https://www.vespa.academy/assets/VESPAResources/VESPAHandbook/VISION/ikigai/slides.html"" width=""576"" height=""420"" title=""VISION - Ikigai"" allowfullscreen>
</iframe><hr style=""height:2px;background-color:#FFA500;border:none"" /><p style=""text-align:center""><strong><a href=""https://www.vespa.academy/assets/MVIMAGES/VESPAHandbookPdfs/VISION/VISION%20-%20Ikigai%28editable%29.pdf"" target=""_blank""><span style=""color:rgb(227, 108, 9)"">DOWNLOAD PDF</span></a></strong>
</p><hr style=""height:2px;background-color:#FFA500;border:none"" />",,,,No,66c37906db0d0602d3cd07ff
VESPA Handbook,165,Vision,Sweet & Sour Summers,Hafau Melys a Sur,October,VESPA Handbook,"<iframe src=""https://www.vespa.academy/assets/VESPAResources/VESPAHandbook/VISION/sweet%26soursummers/slides.html"" width=""576"" height=""420"" title=""VISION - Sweet & Sour Summers"" allowfullscreen>
</iframe>
<hr style=""height:2px;background-color:#FFA500;border:none"" />
<p style=""text-align:center""><strong><a href=""https://www.vespa.academy/assets/MVIMAGES/VESPAHandbookPdfs/VISION/VISION%20-%20Sweet%20%26%20Sour%20Summers%28editable%29.pdf"" target=""_blank""><span style=""color:rgb(227, 108, 9)"">DOWNLOAD PDF</span></a></strong>
</p>
<hr style=""height:2px;background-color:#FFA500;border:none"" />",,,,No,66c37906db0d0602d3cd07f4
VESPA Handbook,164,Vision,Another 20 Questions,20 Cwestiwn Arall,September,VESPA Handbook,"<iframe src=""https://www.vespa.academy/assets/VESPAResources/VESPAHandbook/VISION/Another20questions/slides.html"" width=""576"" height=""420"" title=""VISION - Another 20 Questions"" allowfullscreen>
</iframe>
<hr style=""height:2px;background-color:#FFA500;border:none"" />
<p style=""text-align:center""><strong><a href=""https://www.vespa.academy/assets/MVIMAGES/VESPAHandbookPdfs/VISION/VISION%20-%2020%20More%20Questions%28editable%29.pdf"" target=""_blank""><span style=""color:rgb(227, 108, 9)"">DOWNLOAD PDF</span></a></strong>
</p>
<hr style=""height:2px;background-color:#FFA500;border:none"" />",,,,No,66c37906db0d0602d3cd07e9
VESPA Handbook,137,Attitude,Intro Slides,Sleidiau Cyflwyno,September,VESPA Handbook,"<iframe src=""https://vespa-academy.slides.com/vespaslides/vespa-intro-slides/embed?token=evj_tXoA"" width=""576"" height=""420"" title=""General VESPA Intro Slides"" allowfullscreen>
</iframe>",,,,No,652801769fccf90029fc9620
ALevel Mindset,91,Attitude,Stand Tall,Sefyll yn Dal,May,ALevel Mindset,"<iframe src=""https://docs.google.com/presentation/d/e/2PACX-1vRzS3wEM5_VTgO033YUMgB-L2z9Dv-fJIhjbRxuAyeTgNoFslAiAv0FethhY8KeCT4INjGgnNhdPUKA/embed?start=false&loop=true&delayms=30000"" width=""480"" height=""299"" allowfullscreen=""true"">
</iframe><hr style=""height:2px;background-color:#ff769c;border:none"" /><p style=""text-align:center""><strong><a href=""https://vespa.academy/assets/MVIMAGES/ALEVELMindsetPdfs/A8-Stand%20Tall.pdf"" target=""_blank""><span style=""color:rgb(192, 80, 77)"">DOWNLOAD PDF</span></a></strong>
</p><hr style=""height:2px;background-color:#ff769c;border:none"" />",,,,No,607f3fa899ff4b001b9b3846
ALevel Mindset,90,Attitude,There & Back,Yno ac yn Ôl,May,ALevel Mindset,"<iframe src=""https://docs.google.com/presentation/d/e/2PACX-1vRoIOAdLx_9ZKlNRg7DqUMdE5e74GIfMLnqXrucRTbquiX1O0zlyRvmxiOzqXx53_mCsyr3UaKQSbW8/embed?start=false&loop=true&delayms=30000"" width=""480"" height=""299"" allowfullscreen=""true"">
</iframe><hr style=""height:2px;background-color:#ff769c;border:none"" /><p style=""text-align:center""><strong><a href=""https://www.vespa.academy/assets/MVIMAGES/ALEVELMindsetPdfs/A4-There%20%26%20Back.pdf"" target=""_blank""><span style=""color:rgb(192, 80, 77)"">DOWNLOAD PDF</span></a></strong>
</p><hr style=""height:2px;background-color:#ff769c;border:none"" />",,,,No,607f3f8f2e418a0021b82a33
ALevel Mindset,84,Attitude,Stopping Negative Thoughts,Stopio Meddyliau Negyddol,March,ALevel Mindset,"<iframe src=""https://docs.google.com/presentation/d/e/2PACX-1vT35kw571-gm1aiHUtb291IwEXeDHSaEzyaC4TdHZ0KMHa3t6X2ITggTgClAom_FijYInxqGMMgNnWQ/embed?start=false&loop=true&delayms=30000"" width=""480"" height=""299"" allowfullscreen=""true"">
</iframe><hr style=""height:2px;background-color:#ff769c;border:none"" /><p style=""text-align:center""><strong><a href=""https://www.vespa.academy/assets/MVIMAGES/ALEVELMindsetPdfs/A2-Stopping Negative Thoughts.pdf"" target=""_blank""><span style=""color:rgb(192, 80, 77)"">DOWNLOAD PDF</span></a></strong>
</p><hr style=""height:2px;background-color:#ff769c;border:none"" />",,,,No,607f3e432e418a0021b82929
ALevel Mindset,75,Attitude,Failing Forwards,Methu Ymlaen,December,ALevel Mindset,"<iframe src=""https://docs.google.com/presentation/d/e/2PACX-1vT2iQOTl6G_L_TjGWm17FLjd3R2hVft_jPqix386Gn-PeAcBxG1izEAKLu0yDbnyu_KpvLK-2YoUxBG/embed?start=false&loop=true&delayms=30000"" width=""480"" height=""299"" allowfullscreen=""true"">
</iframe>
<hr style=""height:2px;background-color:#ff769c;border:none"" />
<p style=""text-align:center""><strong><a href=""https://www.vespa.academy/assets/MVIMAGES/ALEVELMindsetPdfs/A5-Falling Forwards.pdf"" target=""_blank""><span style=""color:rgb(192, 80, 77)"">DOWNLOAD PDF</span></a></strong>
</p>
<hr style=""height:2px;background-color:#ff769c;border:none"" />",,,,No,607f3bce508623001e2f50a3
ALevel Mindset,66,Attitude,Force Field Analysis,Dadansoddiad Maes Grym,November,ALevel Mindset,"<iframe src=""https://docs.google.com/presentation/d/e/2PACX-1vQfzWvUYQE1LTYentK41Bly-UrWHRHpQocZ12Jo_5M9U8FK0V0CSiwsPPG08wOe9tzJBVn3BwGCWIi3/embed?start=false&loop=true&delayms=30000"" width=""480"" height=""299"" allowfullscreen=""true"">
</iframe><hr style=""height:2px;background-color:#ff769c;border:none"" /><p style=""text-align:center""><strong><a href=""https://www.vespa.academy/assets/MVIMAGES/ALEVELMindsetPdfs/A1-Force Field.pdf"" target=""_blank""><span style=""color:rgb(192, 80, 77)"">DOWNLOAD PDF</span></a></strong>
</p><hr style=""height:2px;background-color:#ff769c;border:none"" />",,,,No,607f37edc95d72001ecc1667
ALevel Mindset,60,Attitude,Kill your Critic,Lladdwch Eich Beirniad,October,ALevel Mindset,"<iframe src=""https://docs.google.com/presentation/d/e/2PACX-1vQicY9ZNCqELf_Dt1lGrDxAqSNmXTxIGYXnlwWXYThCDeEk_zycmDOSiPB2UsxmDFfjn3awDx2n7aAx/embed?start=false&loop=true&delayms=30000"" width=""480"" height=""299"" allowfullscreen=""true"">
</iframe><hr style=""height:2px;background-color:#ff769c;border:none"" /><p style=""text-align:center""><strong><a href=""https://www.vespa.academy/assets/MVIMAGES/ALEVELMindsetPdfs/A3-Kill your Critic.pdf"" target=""_blank""><span style=""color:rgb(192, 80, 77)"">DOWNLOAD PDF</span></a></strong>
</p><hr style=""height:2px;background-color:#ff769c;border:none"" />",,"<iframe src=""https://slides.com/vespaslides/lladdwch-eich-beirniad/embed?token=zkjLoSuq;mouseWheel=true"" width=""576"" height=""420"" title=""6.AGWEDD - Lladdwch Eich Beirniad"" allowfullscreen>
</iframe><hr style=""height:2px;background-color:#FFA500;border:none"" /><p style=""text-align:center""><strong><a href=""https://www.vespa.academy/assets/MVIMAGES/WelshPDFs/L3/A3-Lladdwch%20eich%20Beirniad.pdf"" target=""_blank""><span style=""color:rgb(227, 108, 9)"">LAWRLWYTHWCH PDF</span></a></strong>
</p><hr style=""height:2px;background-color:#FFA500;border:none"" />",,Yes,607f31810f0db5001c462b24
ALevel Mindset,56,Attitude,The Vampire Test,Prawf y Fampir,September,ALevel Mindset,"<iframe src=""https://docs.google.com/presentation/d/e/2PACX-1vQUEhRuhkeBo6cRPnoP_FxxhZ7BXh2K_6zdR3lr8r165ZWXZ-ovxCrb-dXMyLEn9fpNyJUqfo2s6KAs/embed?start=false&loop=true&delayms=30000"" width=""480"" height=""299"" allowfullscreen=""true"">
</iframe><hr style=""height:2px;background-color:#ff769c;border:none"" /><p style=""text-align:center""><strong><a href=""https://www.vespa.academy/assets/MVIMAGES/ALEVELMindsetPdfs/A7-Vampire Test.pdf"" target=""_blank""><span style=""color:rgb(192, 80, 77)"">DOWNLOAD PDF</span></a></strong>
</p><hr style=""height:2px;background-color:#ff769c;border:none"" />",,,,No,607f2f0434c775001bf70a4d
ALevel Mindset,55,Attitude,The Change Curve,Cromlin y Newid,September,ALevel Mindset,"<iframe src=""https://docs.google.com/presentation/d/e/2PACX-1vTayrTey3nhg6isYUzzGAR2MP8XiWCZkPU1pl-JId6BuDysM4FJ9t4x7XS_sdxlu4aarRI5Bza78vzv/embed?start=false&loop=true&delayms=30000"" width=""480"" height=""299"" allowfullscreen=""true"">
</iframe><hr style=""height:2px;background-color:#ff769c;border:none"" /><p style=""text-align:center""><strong><a href=""https://www.vespa.academy/assets/MVIMAGES/ALEVELMindsetPdfs/A6-Change Curve.pdf"" target=""_blank""><span style=""color:rgb(192, 80, 77)"">DOWNLOAD PDF</span></a></strong>
</p><hr style=""height:2px;background-color:#ff769c;border:none"" />",,,,No,607f2ec434c775001bf70a12
ALevel Mindset,79,Effort,Power of If,Pŵer Os,February,ALevel Mindset,"<iframe src=""https://docs.google.com/presentation/d/e/2PACX-1vRe855LUdjF2rpM5DDwrMmth2yBenB2AwHqxIjGSJo7Fpak24hE2L0QNG0-pwwS3isnrt6h9m1JiWTb/embed?start=false&loop=false&delayms=3000"" width=""480"" height=""299"" allowfullscreen=""true"">
</iframe>
<hr style=""height:2px;background-color:#a4c2f4;border:none"" />
<p style=""text-align:center""><strong><a href=""https://www.vespa.academy/assets/MVIMAGES/ALEVELMindsetPdfs/E8-Power%20of%20If-Then%20thinking.pdf"" target=""_blank""><span style=""color:rgb(31, 73, 125)"">DOWNLOAD PDF</span></a></strong>
</p>
<hr style=""height:2px;background-color:#a4c2f4;border:none"" />",,,,No,607f3d38e913fa001c6acc10
ALevel Mindset,78,Effort,Working Weeks,Wythnosau Gwaith,February,ALevel Mindset,"<iframe src=""https://docs.google.com/presentation/d/e/2PACX-1vTpnXJ3XgXiouMoWxCLPe9Lm60dZgGFjc67OfHVuBpdiKSE6LMuhrI5tOAvTxgJWe2jZhO7JPA3RFma/embed?start=false&loop=true&delayms=30000"" width=""480"" height=""299"" allowfullscreen=""true"">
</iframe><hr style=""height:2px;background-color:#a4c2f4;border:none"" /><p style=""text-align:center""><strong><a href=""https://www.vespa.academy/assets/MVIMAGES/ALEVELMindsetPdfs/E2-Working Weeks.pdf"" target=""_blank""><span style=""color:rgb(31, 73, 125)"">DOWNLOAD PDF</span></a></strong>
</p><hr style=""height:2px;background-color:#a4c2f4;border:none"" />",,,,No,607f3d230f0db5001c463714
ALevel Mindset,69,Effort,Inner Storytelling,Adrodd Straeon Mewnol,December,ALevel Mindset,"<iframe src=""https://docs.google.com/presentation/d/e/2PACX-1vRyMEJIAVwAMDVKQcvoKQa25Q8qVLaJKBQcNacY3CL1CoMstVbsB3hltUe8lFM0nOQeHP58XNRxJbSj/embed?start=false&loop=true&delayms=30000"" width=""480"" height=""299"" allowfullscreen=""true"">
</iframe>
<hr style=""height:2px;background-color:#a4c2f4;border:none"" />
<p style=""text-align:center""><strong><a href=""https://www.vespa.academy/assets/MVIMAGES/ALEVELMindsetPdfs/E7 - Inner Story Telling.pdf"" target=""_blank""><span style=""color:rgb(31, 73, 125)"">DOWNLOAD PDF</span></a></strong>
</p>
<hr style=""height:2px;background-color:#a4c2f4;border:none"" />",,,,No,607f3a0f99ff4b001b9b33c8
ALevel Mindset,68,Effort,10min Rule,Rheol 10 Munud,December,ALevel Mindset,"<iframe src=""https://docs.google.com/presentation/d/e/2PACX-1vT926XIUXfdtaoamVuKI9aL_o6VNs-yH0VxByQyQr_YPj4V3TZBZuYeqAvpVnCIy4ackQG7MonqKc5R/embed?start=false&loop=true&delayms=30000"" width=""480"" height=""299"" allowfullscreen=""true"">
</iframe>
<hr style=""height:2px;background-color:#a4c2f4;border:none"" />
<p style=""text-align:center""><strong><a href=""https://www.vespa.academy/assets/MVIMAGES/ALEVELMindsetPdfs/E6 - 10Min Rule.pdf"" target=""_blank""><span style=""color:rgb(31, 73, 125)"">DOWNLOAD PDF</span></a></strong>
</p>
<hr style=""height:2px;background-color:#a4c2f4;border:none"" />",,,,No,607f39f9e913fa001c6ac9b6
ALevel Mindset,64,Effort,Frogs & Bannisters,Llyffantod a Chanllawiau,November,ALevel Mindset,"<iframe src=""https://docs.google.com/presentation/d/e/2PACX-1vThDMwe4A1Ld-QVlp7h4Mnp0HNfGTgaGxEv6n5eFnUG-Ova0JOb91XRltVEzjr7iE3L1xg2ftU3tFv7/embed?start=false&loop=true&delayms=30000"" width=""480"" height=""299"" allowfullscreen=""true"">
</iframe>
<hr style=""height:2px;background-color:#a4c2f4;border:none"" />
<p style=""text-align:center""><strong><a href=""https://www.vespa.academy/assets/MVIMAGES/ALEVELMindsetPdfs/E5 - Frogs & Bannisters.pdf"" target=""_blank""><span style=""color:rgb(31, 73, 125)"">DOWNLOAD PDF</span></a></strong>
</p>
<hr style=""height:2px;background-color:#a4c2f4;border:none"" />",,,,No,607f35fc0f0db5001c463087
ALevel Mindset,63,Effort,Recognising your Blockers,Adnabod eich Rhwystrau,November,ALevel Mindset,"<iframe src=""https://docs.google.com/presentation/d/e/2PACX-1vTp099qtsgaR6ZZreND9jVgS824g2jYKBf03Ea10MbQWbYd89imhHeu6I9dNTBSr92QuslOMhLB-yF1/embed?start=false&loop=true&delayms=30000"" width=""480"" height=""299"" allowfullscreen=""true"">
</iframe>
<hr style=""height:2px;background-color:#a4c2f4;border:none"" />
<p style=""text-align:center""><strong><a href=""https://www.vespa.academy/assets/MVIMAGES/ALEVELMindsetPdfs/E4-Recognising your Blockers.pdf"" target=""_blank""><span style=""color:rgb(31, 73, 125)"">DOWNLOAD PDF</span></a></strong>
</p>
<hr style=""height:2px;background-color:#a4c2f4;border:none"" />",,,,No,607f35262b0bda001ccd2ae7
ALevel Mindset,57,Effort,The Three R's of Habit,Arfer Y '3' A,October,ALevel Mindset,"<iframe src=""https://docs.google.com/presentation/d/e/2PACX-1vQ5IKyhc_5VDUtDte099WWyHwOj3PctlOYN2i4nYCjkpRbJF9c3ArXZtG-HPWz4cbhmBdsRitOmWgAQ/embed?start=false&loop=true&delayms=30000"" width=""480"" height=""299"" allowfullscreen=""true"">
</iframe>
<hr style=""height:2px;background-color:#a4c2f4;border:none"" />
<p style=""text-align:center""><strong><a href=""https://www.vespa.academy/assets/MVIMAGES/ALEVELMindsetPdfs/E3 - 3R's of Habit.pdf"" target=""_blank""><span style=""color:rgb(31, 73, 125)"">DOWNLOAD PDF</span></a></strong>
</p>
<hr style=""height:2px;background-color:#a4c2f4;border:none"" />",,"<iframe src=""https://slides.com/vespaslides/arfery3a/embed?token=3aS_dFPB;mouseWheel=true"" width=""576"" height=""420"" title=""Arfer Y '3' A "" allowfullscreen>
</iframe><hr style=""height:2px;background-color:#FFA500;border:none"" /><p style=""text-align:center""><strong><a href=""https://www.vespa.academy/assets/MVIMAGES/WelshPDFs/L3/E3-Arfer%20y%20Tair%20%E2%80%98A%E2%80%99%20%28The%20Three%20Rs%29.pdf"" target=""_blank""><span style=""color:rgb(227, 108, 9)"">LAWRLWYTHWCH PDF</span></a></strong>
</p><hr style=""height:2px;background-color:#FFA500;border:none"" />",,Yes,607f2fc63b9a8f001d79f4bb
ALevel Mindset,54,Effort,One to Ten Scale,Y Raddfa 1-10,September,ALevel Mindset,"<iframe src=""https://vespa-academy.slides.com/vespaslides/1-10scale/embed?token=5Cf2X2ni"" width=""576"" height=""420"" title=""EFFORT - The 1-10 Scale"" allowfullscreen>
</iframe><hr style=""height:2px;background-color:#a4c2f4;border:none"" /><p style=""text-align:center""><strong><a href=""https://www.vespa.academy/assets/MVIMAGES/ALEVELMindsetPdfs/E1-1-10 Scale.pdf"" target=""_blank""><span style=""color:rgb(31, 73, 125)"">DOWNLOAD PDF</span></a></strong>
</p><hr style=""height:2px;background-color:#a4c2f4;border:none"" />",,"<iframe src=""https://slides.com/vespaslides/y-raddfa-1-10/embed?token=rj_z3Bz6;mouseWheel=true"" width=""576"" height=""420"" title=""Y Raddfa 1-10"" allowfullscreen>
</iframe><hr style=""height:2px;background-color:#FFA500;border:none"" /><p style=""text-align:center""><strong><a href=""https://www.vespa.academy/assets/MVIMAGES/WelshPDFs/L3/E1-Y%20Raddfa%201%E2%80%9310.pdf"" target=""_blank""><span style=""color:rgb(227, 108, 9)"">LAWRLWYTHWCH PDF</span></a></strong>
</p><hr style=""height:2px;background-color:#FFA500;border:none"" />",,Yes,607f2e922b0bda001ccd240a
GCSE Mindset,43,Practice,Test Yourself,Profwch Eich Hun,March,GCSE Mindset,"<iframe src=""https://docs.google.com/presentation/d/e/2PACX-1vTy2YzcJLrQrgF1_c1465zdyoHOTaNGYXnVQ6TEAv5CdMC0LDqD2OY6LymuMp91yM2CZDTS2utPvWYu/embed?start=false&loop=true&delayms=30000"" width=""480"" height=""299"" allowfullscreen=""true"">
</iframe><hr style=""height:2px;background-color:#a986ff;border:none"" /><p style=""text-align:center""><strong><a href=""https://www.vespa.academy/assets/MVIMAGES/GCSEMindsetPDFS/PRACTICE - Test Yourself.pdf"" target=""_blank""><span style=""color:rgb(95, 73, 122)"">DOWNLOAD PDF</span></a></strong>
</p><hr style=""height:2px;background-color:#a986ff;border:none"" />",,,,No,607ae352585f77001bc1b318
GCSE Mindset,42,Practice,Spaced Practice,Ymarfer Gofodol,March,GCSE Mindset,"<iframe src=""https://docs.google.com/presentation/d/e/2PACX-1vR19-JJ3rNEG-pAQfqWTI0sR4WhNY77pAzc6yFElfxk7mPxb1CAS3dSlncM6_5CENGkvuvkUqJE6J7H/embed?start=false&loop=true&delayms=30000"" width=""480"" height=""299"" allowfullscreen=""true"">
</iframe><hr style=""height:2px;background-color:#a986ff;border:none"" /><p style=""text-align:center""><strong><a href=""https://www.vespa.academy/assets/MVIMAGES/GCSEMindsetPDFS/PRACTICE - Spaced Practice.pdf"" target=""_blank""><span style=""color:rgb(95, 73, 122)"">DOWNLOAD PDF</span></a></strong>
</p><hr style=""height:2px;background-color:#a986ff;border:none"" />",,,,No,607ae31e76f731001b3b2f82
GCSE Mindset,41,Practice,K-SPA,K-SPA,March,GCSE Mindset,"<iframe src=""https://docs.google.com/presentation/d/e/2PACX-1vTAg_rBmDE9ELNWcU403sBtPPzbi7xkuPIqnaf-jjIYSKGvIN6DyU6R0exYBhKrA20aw9DkqO_2BlKm/embed?start=false&loop=true&delayms=30000"" width=""480"" height=""299"" allowfullscreen=""true"">
</iframe><hr style=""height:2px;background-color:#a986ff;border:none"" /><p style=""text-align:center""><strong><a href=""https://www.vespa.academy/assets/MVIMAGES/GCSEMindsetPDFS/PRACTICE - K-SPA.pdf"" target=""_blank""><span style=""color:rgb(95, 73, 122)"">DOWNLOAD PDF</span></a></strong>
</p><hr style=""height:2px;background-color:#a986ff;border:none"" />",,,,No,607ae2f577a5c5001bd41cdf
GCSE Mindset,39,Practice,Will vs Skill,Ewyllys vs Sgil,February,GCSE Mindset,"<iframe src=""https://docs.google.com/presentation/d/e/2PACX-1vRMs5dPJHVVUpoU3cSnqOhETBl2YoR_pb4HxlqOvzLxk8QJQEQDaR7x9dpJFwhqhvQJIgS2My3vNiGW/embed?start=false&loop=true&delayms=30000"" width=""480"" height=""299"" allowfullscreen=""true"">
</iframe><hr style=""height:2px;background-color:#a986ff;border:none"" /><p style=""text-align:center""><strong><a href=""https://www.vespa.academy/assets/MVIMAGES/GCSEMindsetPDFS/PRACTICE - Will vs Skill.pdf"" target=""_blank""><span style=""color:rgb(95, 73, 122)"">DOWNLOAD PDF</span></a></strong>
</p><hr style=""height:2px;background-color:#a986ff;border:none"" />",,,,No,607ae195067d36001b5fc89b
GCSE Mindset,38,Practice,The Nine Box Grid,Y Grid Naw Blwch,February,GCSE Mindset,"<iframe src=""https://docs.google.com/presentation/d/e/2PACX-1vRqYmembtkr9nNnq1-6V1RkolaU3ONL1jllz01xrRgTMzUVPCmo3ddWARqnBsaaskm5Xa1GljmOW0vj/embed?start=false&loop=true&delayms=30000"" width=""480"" height=""299"" allowfullscreen=""true"">
</iframe><hr style=""height:2px;background-color:#a986ff;border:none"" /><p style=""text-align:center""><strong><a href=""https://www.vespa.academy/assets/MVIMAGES/GCSEMindsetPDFS/PRACTICE - 9 Box Grid.pdf"" target=""_blank""><span style=""color:rgb(95, 73, 122)"">DOWNLOAD PDF</span></a></strong>
</p><hr style=""height:2px;background-color:#a986ff;border:none"" />",,,,No,607ae157067d36001b5fc860
GCSE Mindset,27,Practice,It's Time to Teach,Mae'n Amser Dysgu,December,GCSE Mindset,"<iframe src=""https://docs.google.com/presentation/d/e/2PACX-1vSX-0QSoqlmrkvZzxxTEkcRTXuw6t4ZbbSWtKpQqQ00SPwhU-slwYkx5Qu-GB9F0U0D4Dy5fni8GHiH/embed?start=false&loop=true&delayms=30000"" width=""480"" height=""299"" allowfullscreen=""true"">
</iframe><hr style=""height:2px;background-color:#a986ff;border:none"" /><p style=""text-align:center""><strong><a href=""https://www.vespa.academy/assets/MVIMAGES/GCSEMindsetPDFS/PRACTICE - Time to Teach.pdf"" target=""_blank""><span style=""color:rgb(95, 73, 122)"">DOWNLOAD PDF</span></a></strong>
</p><hr style=""height:2px;background-color:#a986ff;border:none"" />",,,,No,607adc49067d36001b5fc2d5
GCSE Mindset,25,Practice,The Practice Questionnaire,Yr Holiadur Ymarfer,December,GCSE Mindset,"<iframe src=""https://docs.google.com/presentation/d/e/2PACX-1vRuvuw-dxoEDwa5WnzBq8T4sx7UNsJJgLon3cupUbabgdqjXCSjzxWZbgtT_VdVWwoIlJ4Xpk39PQ3n/embed?start=false&loop=true&delayms=30000"" width=""480"" height=""299"" allowfullscreen=""true"">
</iframe><hr style=""height:2px;background-color:#a986ff;border:none"" /><p style=""text-align:center""><strong><a href=""https://www.vespa.academy/assets/MVIMAGES/GCSEMindsetPDFS/P1-Revision Questionnaire.pdf"" target=""_blank""><span style=""color:rgb(95, 73, 122)"">DOWNLOAD PDF</span></a></strong>
</p><hr style=""height:2px;background-color:#a986ff;border:none"" />",,,,No,607adbce76f731001b3b2805
GCSE Mindset,21,Practice,Building Independent Learning,Adeiladu Dysgu Annibynnol,November,GCSE Mindset,"<iframe src=""https://docs.google.com/presentation/d/e/2PACX-1vRyvh9BKiwWux-G8JT1YyZ119eScIOrNSLB23eVk4WKTnkV7g4PSSoDcPr-HdDl7ws6G2hfQU-n_s9F/embed?start=false&loop=true&delayms=30000"" width=""480"" height=""299"" allowfullscreen=""true"">
</iframe><hr style=""height:2px;background-color:#a986ff;border:none"" /><p style=""text-align:center""><strong><a href=""https://www.vespa.academy/assets/MVIMAGES/GCSEMindsetPDFS/PRACTICE - Building Independent Learning.pdf"" target=""_blank""><span style=""color:rgb(95, 73, 122)"">DOWNLOAD PDF</span></a></strong>
</p><hr style=""height:2px;background-color:#a986ff;border:none"" />",,,,No,607ad9ad067d36001b5fc030
ALevel Mindset,87,Systems,Eisenhower Matrix,Matrics Eisenhower,April,ALevel Mindset,"<iframe src=""https://docs.google.com/presentation/d/e/2PACX-1vRF5UhctTI8Se2ceDIcZkGkGLIvCRa4La1k6iogxTyyYJSmhw8sfJgGl9FsGBAZG-prYLOuo9DP031-/embed?start=false&loop=true&delayms=30000"" width=""480"" height=""299"" allowfullscreen=""true"">
</iframe>
<hr style=""height:2px;background-color:#aad950;border:none"" />
<p style=""text-align:center""><strong><a href=""https://www.vespa.academy/assets/MVIMAGES/ALEVELMindsetPdfs/S7-Eisenhower Matrix.pdf"" target=""_blank""><span style=""color:rgb(118, 146, 60)"">DOWNLOAD PDF</span></a></strong>
</p>
<hr style=""height:2px;background-color:#aad950;border:none"" />",,,,No,607f3f1a99ff4b001b9b37e1
ALevel Mindset,86,Systems,Project Progress Chart,Siart Cynnydd Prosiect,April,ALevel Mindset,"<iframe src=""https://docs.google.com/presentation/d/e/2PACX-1vQ8Sk5zN2SN76WEZtjIjU3-47e-jfZrlXaNCA3JS2VFle0gMpA6k5tczCbBLPccyHHrKNCOPde6Hmrs/embed?start=false&loop=true&delayms=30000"" width=""480"" height=""299"" allowfullscreen=""true"">
</iframe>
<hr style=""height:2px;background-color:#aad950;border:none"" />
<p style=""text-align:center""><strong><a href=""https://www.vespa.academy/assets/MVIMAGES/ALEVELMindsetPdfs/S6-Project Progress Chart.pdf"" target=""_blank""><span style=""color:rgb(118, 146, 60)"">DOWNLOAD PDF</span></a></strong>
</p>
<hr style=""height:2px;background-color:#aad950;border:none"" />",,,,No,607f3ef9c95d72001ecc1c15
ALevel Mindset,80,Systems,The Lead Domino,Y Domino Blaen,February,ALevel Mindset,"<iframe src=""https://docs.google.com/presentation/d/e/2PACX-1vTXrnwdccvR8R00WLsEXZi5v-AfeQGQRR9FqwoB3spPNxTA2mNj0YA-hAKxaL3zWweRQEREbp-R_Xak/embed?start=false&loop=true&delayms=30000"" width=""480"" height=""299"" allowfullscreen=""true"">
</iframe>
<hr style=""height:2px;background-color:#aad950;border:none"" />
<p style=""text-align:center""><strong><a href=""https://www.vespa.academy/assets/MVIMAGES/ALEVELMindsetPdfs/S8-Lead Domino.pdf"" target=""_blank""><span style=""color:rgb(118, 146, 60)"">DOWNLOAD PDF</span></a></strong>
</p>
<hr style=""height:2px;background-color:#aad950;border:none"" />",,,,No,607f3d563b9a8f001d7a0032
ALevel Mindset,74,Systems,STQR,STQR,January,ALevel Mindset,"<iframe src=""https://docs.google.com/presentation/d/e/2PACX-1vSEllHP-JHa0NOrsg6FVGbYze_2rD0DWSD-PMCXfsNNJNqfoHWfXzXkIsHoxBYoNb4mBcscDpXfKJv4/embed?start=false&loop=true&delayms=30000"" width=""480"" height=""299"" allowfullscreen=""true"">
</iframe><hr style=""height:2px;background-color:#aad950;border:none"" /><p style=""text-align:center""><strong><a href=""https://www.vespa.academy/assets/MVIMAGES/ALEVELMindsetPdfs/S5-STQR.pdf"" target=""_blank""><span style=""color:rgb(118, 146, 60)"">DOWNLOAD PDF</span></a></strong>
</p><hr style=""height:2px;background-color:#aad950;border:none"" />",,,,No,607f3baa3b9a8f001d79fedf
ALevel Mindset,70,Systems,2-4-8 Rule,Rheol 2-4-8,December,ALevel Mindset,"<iframe src=""https://docs.google.com/presentation/d/e/2PACX-1vRylJ33spgsHP3Rfg18cQAQRg8YubZ70lf0_B1lyCNpSROfsIF9l3VXB3Au67CzmL2TZ8HFcdwMwmQ9/embed?start=false&loop=true&delayms=30000"" width=""480"" height=""299"" allowfullscreen=""true"">
</iframe>
<hr style=""height:2px;background-color:#aad950;border:none"" />
<p style=""text-align:center""><strong><a href=""https://www.vespa.academy/assets/MVIMAGES/ALEVELMindsetPdfs/S4-2-4-8 Rule.pdf"" target=""_blank""><span style=""color:rgb(118, 146, 60)"">DOWNLOAD PDF</span></a></strong>
</p>
<hr style=""height:2px;background-color:#aad950;border:none"" />",,,,No,607f3a2999ff4b001b9b33e1
ALevel Mindset,65,Systems,Snack don't binge,Byrbryd nid Gloddesta,November,ALevel Mindset,"<iframe src=""https://docs.google.com/presentation/d/e/2PACX-1vSEIxTyDqp6bL5zsDGeaM1RVx-wm6fOBny5LRX2Djd4rc9RAkRRpRkRPisCI3CxGdg7UCjD8QDrYl51/embed?start=false&loop=true&delayms=30000"" width=""480"" height=""299"" allowfullscreen=""true"">
</iframe>
<hr style=""height:2px;background-color:#aad950;border:none"" />
<p style=""text-align:center""><strong><a href=""https://www.vespa.academy/assets/MVIMAGES/ALEVELMindsetPdfs/S3-Snack,don't Binge.pdf"" target=""_blank""><span style=""color:rgb(118, 146, 60)"">DOWNLOAD PDF</span></a></strong>
</p>
<hr style=""height:2px;background-color:#aad950;border:none"" />",,,,No,607f37bf0f0db5001c4631ed
ALevel Mindset,59,Systems,The Breakfast Club,Y Clwb Brecwast,October,ALevel Mindset,"<iframe src=""https://docs.google.com/presentation/d/1jHSUnMxpyLeOpfulbBzRvY1MwEj3T-TtCy5osRBJXQc/embed?start=false&loop=false&delayms=60000"" width=""960"" height=""569"" allowfullscreen=""true"">
</iframe><hr style=""height:2px;background-color:#aad950;border:none"" /><p style=""text-align:center""><strong><a href=""https://www.vespa.academy/assets/MVIMAGES/ALEVELMindsetPdfs/S2-T"" target=""_blank""><span style=""color:rgb(118, 146, 60)"">DOWNLOAD PDF</span></a></strong>
</p><hr style=""height:2px;background-color:#aad950;border:none"" />",,,,No,607f31572e418a0021b81db5
ALevel Mindset,58,Systems,The Energy Line,Y Llinell Egni,October,ALevel Mindset,"<iframe src=""https://docs.google.com/presentation/d/e/2PACX-1vRAi9ml-kJWDua8HTVBxRT_j8p8x11WynLtoEXIKCczlNrY_ekAKGVfMTKfwwb44pVGZD2G7PIVSBp1/embed?start=false&loop=true&delayms=30000"" width=""480"" height=""299"" allowfullscreen=""true"">
</iframe><hr style=""height:2px;background-color:#aad950;border:none"" /><p style=""text-align:center""><strong><a href=""https://www.vespa.academy/assets/MVIMAGES/ALEVELMindsetPdfs/S1-Energy Line.pdf"" target=""_blank""><span style=""color:rgb(118, 146, 60)"">DOWNLOAD PDF</span></a></strong>
</p><hr style=""height:2px;background-color:#aad950;border:none"" />",,,,No,607f302c0f0db5001c4629e7
ALevel Mindset,82,Vision,Mental Contrasting,Cyferbynnu Meddyliol,March,ALevel Mindset,"<iframe src=""https://docs.google.com/presentation/d/e/2PACX-1vQYoq2HBjsKIHRiDz-OYWejZYeTDlpHap80mEDJnOu7nC6WGCnMEgf4k4no3swXBP9-Pwz2CeZ_Inza/embed?start=false&loop=true&delayms=30000"" width=""480"" height=""299"" allowfullscreen=""true"">
</iframe>
<hr style=""height:2px;background-color:#FFA500;border:none"" />
<p style=""text-align:center""><strong><a href=""https://www.vespa.academy/assets/MVIMAGES/ALEVELMindsetPdfs/V7 - Mental Contrasting.pdf"" target=""_blank""><span style=""color:rgb(227, 108, 9)"">DOWNLOAD PDF</span></a></strong>
</p>
<hr style=""height:2px;background-color:#FFA500;border:none"" />",,"<iframe src=""https://slides.com/vespaslides/gwrthgyferbyniad-meddyliol/embed?token=H9vtLqRi;mouseWheel=true"" width=""576"" height=""420"" title=""Cyferbynnu Meddyliol"" allowfullscreen>
</iframe><hr style=""height:2px;background-color:#FFA500;border:none"" /><p style=""text-align:center""><strong><a href=""https://www.vespa.academy/assets/MVIMAGES/WelshPDFs/L3/V7-Cyferbynnu%20Meddyliol.pdf"" target=""_blank""><span style=""color:rgb(227, 108, 9)"">LAWRLWYTHWCH PDF</span></a></strong>
</p><hr style=""height:2px;background-color:#FFA500;border:none"" />",,Yes,607f3e1b34c775001bf719b0
ALevel Mindset,77,Vision,Fake it,Ffugio,February,ALevel Mindset,"<iframe src=""https://docs.google.com/presentation/d/e/2PACX-1vS2_ZypCen_mGaLxN3TxkeRFNLPMLOjpMo5pPPDLGoeA88BsKGsC6SU__tvWx2Djrkm8IDmbG-LuRqV/embed?start=false&loop=true&delayms=30000"" width=""480"" height=""299"" allowfullscreen=""true"">
</iframe>
<hr style=""height:2px;background-color:#FFA500;border:none"" />
<p style=""text-align:center""><strong><a href=""https://www.vespa.academy/assets/MVIMAGES/ALEVELMindsetPdfs/V8 - Fake It!.pdf"" target=""_blank""><span style=""color:rgb(227, 108, 9)"">DOWNLOAD PDF</span></a></strong>
</p>
<hr style=""height:2px;background-color:#FFA500;border:none"" />",,"<iframe src=""https://slides.com/vespaslides/ffugio/embed?token=A-glyskn;mouseWheel=true"" width=""576"" height=""420"" title=""Ffugio"" allowfullscreen>
</iframe><hr style=""height:2px;background-color:#FFA500;border:none"" /><p style=""text-align:center""><strong><a href=""https://www.vespa.academy/assets/MVIMAGES/WelshPDFs/L3/V8-Ffugio.pdf"" target=""_blank""><span style=""color:rgb(227, 108, 9)"">LAWRLWYTHWCH PDF</span></a></strong>
</p><hr style=""height:2px;background-color:#FFA500;border:none"" />",,Yes,607f3d0f34c775001bf7184a
ALevel Mindset,73,Vision,SMART Goals,Nodau CAMPR,January,ALevel Mindset,"<iframe src=""https://vespa-academy.slides.com/vespaslides/6-gweledigaeth-nodau-smart/embed?token=RTGEEQ_N"" width=""576"" height=""420"" title=""VISION - SMART GOALS"" allowfullscreen>
</iframe><hr style=""height:2px;background-color:#FFA500;border:none"" /><p style=""text-align:center""><strong><a href=""https://www.vespa.academy/assets/MVIMAGES/ALEVELMindsetPdfs/V6 - SMART Goals.pdf"" target=""_blank""><span style=""color:rgb(227, 108, 9)"">DOWNLOAD PDF</span></a></strong>
</p><hr style=""height:2px;background-color:#FFA500;border:none"" />",,"<iframe src=""https://slides.com/vespaslides/nodau-smart/embed?token=zclfDKER;mouseWheel=true"" width=""576"" height=""420"" title=""Nodau CAMPR"" allowfullscreen>
</iframe><hr style=""height:2px;background-color:#FFA500;border:none"" /><p style=""text-align:center""><strong><a href=""https://www.vespa.academy/assets/MVIMAGES/WelshPDFs/L3/V6-Nodau%20CAMPUS.pdf"" target=""_blank""><span style=""color:rgb(227, 108, 9)"">LAWRLWYTHWCH PDF</span></a></strong>
</p><hr style=""height:2px;background-color:#FFA500;border:none"" />",,Yes,607f3b563b9a8f001d79fea3
ALevel Mindset,72,Vision,Perfect Day,Diwrnod Perffaith,January,ALevel Mindset,"<iframe src=""https://vespa-academy.slides.com/vespaslides/5-gweledigaeth-y-diwrnod-perffaith/embed?token=Pfmu_pJD"" width=""576"" height=""420"" title=""5.VISION - Perfect Day"" allowfullscreen>
</iframe><hr style=""height:2px;background-color:#FFA500;border:none"" /><p style=""text-align:center""><strong><a href=""https://www.vespa.academy/assets/MVIMAGES/ALEVELMindsetPdfs/V5 - Perfect Day.pdf"" target=""_blank""><span style=""color:rgb(227, 108, 9)"">DOWNLOAD PDF</span></a></strong>
</p><hr style=""height:2px;background-color:#FFA500;border:none"" />",,"<iframe src=""https://slides.com/vespaslides/y-diwrnod-perffaith/embed?token=WZVRvR0x;mouseWheel=true"" width=""576"" height=""420"" title=""Y diwrnod perffaith"" allowfullscreen>
</iframe><hr style=""height:2px;background-color:#FFA500;border:none"" /><p style=""text-align:center""><strong><a href=""https://www.vespa.academy/assets/MVIMAGES/WelshPDFs/L3/V5-Y%20Diwrnod%20Perffaith.pdf"" target=""_blank""><span style=""color:rgb(227, 108, 9)"">LAWRLWYTHWCH PDF</span></a></strong>
</p><hr style=""height:2px;background-color:#FFA500;border:none"" />",,Yes,607f3b19e913fa001c6aca83
ALevel Mindset,67,Vision,Fix your Dashboard,Trwsio eich Dangosfwrdd,December,ALevel Mindset,"<iframe src=""https://vespa-academy.slides.com/vespaslides/4-gweledigaeth-creu-dy-ddangosfwrdd/embed?token=f7Ikyzi6"" width=""576"" height=""420"" title=""VISION - Fix your dashboard"" allowfullscreen>
</iframe><hr style=""height:2px;background-color:#FFA500;border:none"" /><p style=""text-align:center""><strong><a href=""https://www.vespa.academy/assets/MVIMAGES/ALEVELMindsetPdfs/V4 - Fix your Dashboard.pdf"" target=""_blank""><span style=""color:rgb(227, 108, 9)"">DOWNLOAD PDF</span></a></strong>
</p><hr style=""height:2px;background-color:#FFA500;border:none"" />",,"<iframe src=""https://slides.com/vespaslides/creu-dy-ddangosfwrdd/embed?token=tRhIEOwz;mouseWheel-true"" width=""576"" height=""420"" title=""Trwsio eich Dangosfwrdd"" allowfullscreen>
</iframe><hr style=""height:2px;background-color:#FFA500;border:none"" /><p style=""text-align:center""><strong><a href=""https://www.vespa.academy/assets/MVIMAGES/WelshPDFs/L3/V4-Gwirio%20Eich%20Dangosfwrdd.pdf"" target=""_blank""><span style=""color:rgb(227, 108, 9)"">LAWRLWYTHWCH PDF</span></a></strong>
</p><hr style=""height:2px;background-color:#FFA500;border:none"" />",,Yes,607f39df2e418a0021b825ba
ALevel Mindset,62,Vision,21st Birthday,Penblwydd 21ain,November,ALevel Mindset,"<iframe src=""https://docs.google.com/presentation/d/e/2PACX-1vRZaY8T5EZNTK0qXAyz1NXLheBPi_8ON5qvW8VxZPdMrih1CnDJvevjdk09slxAUbN5MIpVNCy5bGjH/embed?start=false&loop=true&delayms=30000"" width=""480"" height=""299"" allowfullscreen=""true"">
</iframe>
<hr style=""height:2px;background-color:#FFA500;border:none"" />
<p style=""text-align:center""><strong><a href=""https://www.vespa.academy/assets/MVIMAGES/ALEVELMindsetPdfs/V3 - 21st Birthday.pdf"" target=""_blank""><span style=""color:rgb(227, 108, 9)"">DOWNLOAD PDF</span></a></strong>
</p>
<hr style=""height:2px;background-color:#FFA500;border:none"" />",,"<iframe src=""https://slides.com/vespaslides/gweledigaeth-gwireddu-breuddwydion/embed?token=-qPS0XWk;mouseWheel=true"" width=""576"" height=""420"" title=""Penblwydd 21ain"" allowfullscreen>
</iframe><hr style=""height:2px;background-color:#FFA500;border:none"" /><p style=""text-align:center""><strong><a href=""https://www.vespa.academy/assets/MVIMAGES/WelshPDFs/L3/V3-Eich%20Pen-blwydd%20yn%2021.pdf"" target=""_blank""><span style=""color:rgb(227, 108, 9)"">LAWRLWYTHWCH PDF</span></a></strong>
</p><hr style=""height:2px;background-color:#FFA500;border:none"" />",,Yes,607f34fe3b9a8f001d79f9b6
ALevel Mindset,53,Vision,Getting Dreams Done,Gwireddu breuddwydion,September,ALevel Mindset,"<iframe src=""https://docs.google.com/presentation/d/e/2PACX-1vTMDlGbsml-Lioi8z4VltRL52mOtvGu9lnfvkQRaTk8VENI7yGISFkFrH5QFqISxtuhuqPf6raj5JSF/embed?start=false&loop=true&delayms=30000"" width=""480"" height=""299"" allowfullscreen=""true"">
</iframe><hr style=""height:2px;background-color:#FFA500;border:none"" /><p style=""text-align:center""><strong><a href=""https://www.vespa.academy/assets/MVIMAGES/ALEVELMindsetPdfs/V2 - Getting Dreams Done.pdf"" target=""_blank""><span style=""color:rgb(227, 108, 9)"">DOWNLOAD PDF</span></a></strong>
</p><hr style=""height:2px;background-color:#FFA500;border:none"" />",,"<iframe src=""https://slides.com/vespaslides/gwireddu-breuddwydion/embed?token=xRk_0QNv;mouseWheel=true"" width=""576"" height=""420"" title="" Gwireddu breuddwydion"" allowfullscreen>
</iframe><hr style=""height:2px;background-color:#FFA500;border:none"" /><p style=""text-align:center""><strong><a href=""https://www.vespa.academy/assets/MVIMAGES/WelshPDFs/L3/V2-Cyflawni%20Breuddwydion.pdf"" target=""_blank""><span style=""color:rgb(227, 108, 9)"">LAWRLWYTHWCH PDF</span></a></strong>
</p><hr style=""height:2px;background-color:#FFA500;border:none"" />",,Yes,607f2e4e0f0db5001c462847
ALevel Mindset,52,Vision,20 Questions,20 Cwestiwn,September,ALevel Mindset,"<iframe src=""https://vespa-academy.slides.com/vespaslides/20questions/embed?token=5lGzETPx"" width=""576"" height=""420"" title=""VISION - 20 Questions"" allowfullscreen>
</iframe><hr style=""height:2px;background-color:#FFA500;border:none"" /><p style=""text-align:center""><span style=""color:rgb(227, 108, 9)""><strong><a href=""https://www.vespa.academy/assets/MVIMAGES/ALEVELMindsetPdfs/V1-20 Questions.pdf"" target=""_blank""><span style=""color:rgb(227, 108, 9)"">DOWNLOAD PDF</span></a></strong>
	</span>
</p><hr style=""height:2px;background-color:#FFA500;border:none"" />",,"<iframe src=""https://slides.com/vespaslides/20-cwestiwn/embed?token=DmOZ-dZC;mouseWheel=true"" width=""576"" height=""420"" title=""20 cwestiwn"" allowfullscreen>
</iframe><hr style=""height:2px;background-color:#FFA500;border:none"" /><p style=""text-align:center""><strong><a href=""https://www.vespa.academy/assets/MVIMAGES//WelshPDFs/L3/V1-Ugain%20Cwestiwn.pdf"" target=""_blank""><span style=""color:rgb(227, 108, 9)"">LAWRLWYTHWCH PDF</span></a></strong>
</p><hr style=""height:2px;background-color:#FFA500;border:none"" />",,Yes,607f2e2f2b0bda001ccd23a6
GCSE Mindset,51,Effort,Pre-Making Decisions,Gwneud Penderfyniadau Ymlaen Llaw,May,GCSE Mindset,"<iframe src=""https://docs.google.com/presentation/d/e/2PACX-1vSrDBIebY_XN7LcbitkTrn0d2kNTWzKI5g_c5ZvfWyyXBel7dawOIgGA191hnIZuHCOX6bKWYyxSb6Y/embed?start=false&loop=true&delayms=30000"" width=""480"" height=""299"" allowfullscreen=""true"">
</iframe><hr style=""height:2px;background-color:#a4c2f4;border:none"" /><p style=""text-align:center""><strong><a href=""https://www.vespa.academy/assets/MVIMAGES/GCSEMindsetPDFS/EFFORT - Pre-Making Decisions.pdf"" target=""_blank""><span style=""color:rgb(31, 73, 125)"">DOWNLOAD PDF</span></a></strong>
</p><hr style=""height:2px;background-color:#a4c2f4;border:none"" />",,,,No,607ae5e876f731001b3b31de
GCSE Mindset,50,Attitude,First Aid Kit,Pecyn Cymorth Cyntaf,May,GCSE Mindset,"<iframe src=""https://docs.google.com/presentation/d/e/2PACX-1vQb3Z9V34Ros4PCDyd-5R_xYA-q6rhKpDHkm35Ne_1mG-w1Jt98aRJjnLjqbcZPV5xY5FnY6TMxjG6q/embed?start=false&loop=true&delayms=30000"" width=""480"" height=""299"" allowfullscreen=""true"">
</iframe><hr style=""height:2px;background-color:#ff769c;border:none"" /><p style=""text-align:center""><strong><a href=""https://www.vespa.academy/assets/MVIMAGES/GCSEMindsetPDFS/ATTITUDE - The First Aid Kit.pdf"" target=""_blank""><span style=""color:rgb(192, 80, 77)"">DOWNLOAD PDF</span></a></strong>
</p><hr style=""height:2px;background-color:#ff769c;border:none"" />",,,,No,607ae59a067d36001b5fcc19
GCSE Mindset,49,Attitude,"Benefit finding, aka The Rocky Road","Darganfod Budd, sef Y Ffordd Garegog",April,GCSE Mindset,"<iframe src=""https://docs.google.com/presentation/d/e/2PACX-1vT8atD-VGIZDXp_c5kAHwb1kug18Uly-j6d3j80SjG9pHSE4X_vryo_TOfg__Or1LYCSV9xXtuNiRoj/embed?start=false&loop=true&delayms=30000"" width=""480"" height=""299"" allowfullscreen=""true"">
</iframe><hr style=""height:2px;background-color:#ff769c;border:none"" /><p style=""text-align:center""><strong><a href=""https://www.vespa.academy/assets/MVIMAGES/GCSEMindsetPDFS/ATTITUDE - Benefit Finding.pdf"" target=""_blank""><span style=""color:rgb(192, 80, 77)"">DOWNLOAD PDF</span></a></strong>
</p><hr style=""height:2px;background-color:#ff769c;border:none"" />",,,,No,607ae4f2b9af42001b0d5fc2
GCSE Mindset,48,Systems,The Action Priority Matrix,Y Matrics Blaenoriaeth Gweithredu,September,GCSE Mindset,"<iframe src=""https://docs.google.com/presentation/d/e/2PACX-1vSbrUsO189IPU4cbZl1FxfgsXGb3gDgJK7Lrdz2MZCA-08bbG3r2pF9zy4iCuN2MBtPAt-Wf0-Ka-PW/embed?start=false&loop=true&delayms=30000"" width=""480"" height=""299"" allowfullscreen=""true"">
</iframe><hr style=""height:2px;background-color:#aad950;border:none"" /><p style=""text-align:center""><strong><a href=""https://www.vespa.academy/assets/MVIMAGES/GCSEMindsetPDFS/SYSTEMS - Action Priority Matrix.pdf"" target=""_blank""><span style=""color:rgb(118, 146, 60)"">DOWNLOAD PDF</span></a></strong>
</p><hr style=""height:2px;background-color:#aad950;border:none"" />",,,,No,607ae4b9585f77001bc1b468
GCSE Mindset,47,Vision,Now vs Most,Nawr vs Mwyaf,April,GCSE Mindset,"<iframe src=""https://docs.google.com/presentation/d/e/2PACX-1vTDNs8i4Xw9kZhXUK3yKdnsZMxJIE58W2Y7HLDKpyxuVVaosCNjMoeJ261VJCdFZT3BiqVWnYXTnqYJ/embed?start=false&loop=true&delayms=30000"" width=""480"" height=""299"" allowfullscreen=""true"">
</iframe><hr style=""height:2px;background-color:#FFA500;border:none"" /><p style=""text-align:center""><strong><a href=""https://www.vespa.academy/assets/MVIMAGES/GCSEMindsetPDFS/VISION - Now vs Most.pdf"" target=""_blank""><span style=""color:rgb(227, 108, 9)"">DOWNLOAD PDF</span></a></strong>
</p><hr style=""height:2px;background-color:#FFA500;border:none"" />",,,,No,607ae480f8ed44001c7b3cc5
VESPA Handbook,218,Practice,Environment Design (Part 2 - Digital Spaces),Dylunio Amgylchedd (Rhan 2 - Gofodau Digidol),December,VESPA Handbook,"<iframe src=""https://vespa-academy.slides.com/vespaslides/practice-environment-design-stuff/embed?token=rbNaHkSI"" width=""576"" height=""420"" title=""PRACTICE - Environment Design (Part 2)"" allowfullscreen>
</iframe>",,,,No,670d59509bd8580303830592
VESPA Handbook,217,Practice,Environment Design (Part 1 - Physical Spaces),Dylunio Amgylchedd (Rhan 1 - Gofodau Ffisegol),November,VESPA Handbook,"<iframe src=""https://vespa-academy.slides.com/vespaslides/practice-high-low-utility/embed?token=PlK8X8Kb"" width=""576"" height=""420"" title=""PRACTICE - Environment Design (Part 1- Physical Spaces)"" allowfullscreen>
</iframe>",,,,No,670d58f8d452ff030a61f6ce
GCSE Mindset,44,Vision,What's stopping you?,Beth sy'n eich rhwystro?,March,GCSE Mindset,"<iframe src=""https://docs.google.com/presentation/d/e/2PACX-1vSWgqVbW9qBWkOBrHBhApqCr6UQd_4yvGXriUg0BWmn-hyTOBd0tnHQkz4_QTHMUe6kfAq-l9QTJGXx/embed?start=false&loop=true&delayms=30000"" width=""480"" height=""299"" allowfullscreen=""true"">
</iframe><hr style=""height:2px;background-color:#FFA500;border:none"" /><p style=""text-align:center""><strong><a href=""https://www.vespa.academy/assets/MVIMAGES/GCSEMindsetPDFS/VISION - What's Stopping You.pdf"" target=""_blank""><span style=""color:rgb(227, 108, 9)"">DOWNLOAD PDF</span></a></strong>
</p><hr style=""height:2px;background-color:#FFA500;border:none"" />",,,,No,607ae37c067d36001b5fca2d
VESPA Handbook,206,Practice,Sticky Timetables,Amserlenni Gludiog,March,VESPA Handbook,"<iframe src=""https://www.vespa.academy/assets/VESPAResources/VESPAHandbook/PRACTICE/stickytimetables/slides.html"" width=""576"" height=""420"" title=""PRACTICE - Sticky Timetables"" allowfullscreen>
</iframe>
<hr style=""height:2px;background-color:#FFA500;border:none"" />
<p style=""text-align:center""><strong><a href=""https://www.vespa.academy/assets/MVIMAGES/VESPAHandbookPdfs/PRACTICE/PRACTICE%20-%20Sticky%20Timetables%28editable%29.pdf"" target=""_blank""><span style=""color:rgb(227, 108, 9)"">DOWNLOAD PDF</span></a></strong>
</p>
<hr style=""height:2px;background-color:#FFA500;border:none"" />",,,,No,66cb9078ae5c8a02d61650ad
VESPA Handbook,205,Practice,The Overnight Boost,Yr Hwb Dros Nos,June,VESPA Handbook,"<iframe src=""https://www.vespa.academy/assets/VESPAResources/VESPAHandbook/PRACTICE/overnightboost/slides.html"" width=""576"" height=""420"" title=""PRACTICE - The Overnight Boost"" allowfullscreen>
</iframe>
<hr style=""height:2px;background-color:#FFA500;border:none"" />
<p style=""text-align:center""><strong><a href=""https://www.vespa.academy/assets/MVIMAGES/VESPAHandbookPdfs/PRACTICE/PRACTICE%20-%20The%20Overnight%20boost%28editable%29.pdff"" target=""_blank""><span style=""color:rgb(227, 108, 9)"">DOWNLOAD PDF</span></a></strong>
</p>
<hr style=""height:2px;background-color:#FFA500;border:none"" />",,,,No,66cb9078ae5c8a02d61650a6
VESPA Handbook,204,Practice,The Command Verb Table,Tabl Berfau Gorchymyn,October,VESPA Handbook,"<iframe src=""https://www.vespa.academy/assets/VESPAResources/VESPAHandbook/PRACTICE/commandverbtable/slides.html"" width=""576"" height=""420"" title=""PRACTICE - The Command Verb Table"" allowfullscreen>
</iframe>
<hr style=""height:2px;background-color:#FFA500;border:none"" />
<p style=""text-align:center""><strong><a href=""https://www.vespa.academy/assets/MVIMAGES/VESPAHandbookPdfs/PRACTICE/PRACTICE%20-%20The%20Command%20Verb%20table%28editable%29.pdf"" target=""_blank""><span style=""color:rgb(227, 108, 9)"">DOWNLOAD PDF</span></a></strong>
</p>
<hr style=""height:2px;background-color:#FFA500;border:none"" />",,,,No,66cb9078ae5c8a02d616509f
GCSE Mindset,40,Attitude,The Problem solving cycle,Y Cylch Datrys Problemau,March,GCSE Mindset,"<iframe src=""https://docs.google.com/presentation/d/e/2PACX-1vS0pNQsbb5IWV5ZR7op-NblGMcW3RAc6rJ7hhbonS-s906_dgcZfs8sgIlXMZkZ2YTH9o9s4wyjFwja/embed?start=false&loop=true&delayms=30000"" width=""480"" height=""299"" allowfullscreen=""true"">
</iframe><hr style=""height:2px;background-color:#ff769c;border:none"" /><p style=""text-align:center""><strong><a href=""https://www.vespa.academy/assets/MVIMAGES/GCSEMindsetPDFS/ATTITUDE - Problem Solving Cycle.pdf"" target=""_blank""><span style=""color:rgb(149, 55, 52)"">DOWNLOAD PDF</span></a></strong>
</p><hr style=""height:2px;background-color:#ff769c;border:none"" />",,,,No,607ae2dd585f77001bc1b2c1
VESPA Handbook,203,Practice,Cog P vs Cog A,Cog P vs Cog A,May,VESPA Handbook,"<iframe src=""https://www.vespa.academy/assets/VESPAResources/VESPAHandbook/PRACTICE/cogpvscoga/slides.html"" width=""576"" height=""420"" title=""PRACTICE - Cog P vs Cog A"" allowfullscreen>
</iframe>
<hr style=""height:2px;background-color:#FFA500;border:none"" />
<p style=""text-align:center""><strong><a href=""https://www.vespa.academy/assets/MVIMAGES/VESPAHandbookPdfs/PRACTICE/PRACTICE%20-%20Cog%20P%20v%20Cog%20A%28editable%29.pdf"" target=""_blank""><span style=""color:rgb(227, 108, 9)"">DOWNLOAD PDF</span></a></strong>
</p>
<hr style=""height:2px;background-color:#FFA500;border:none"" />",,,,No,66cb9078ae5c8a02d6165098
VESPA Handbook,202,Practice,Test your Future Self,Profi dy Hunan yn y Dyfodol,April,VESPA Handbook,"<iframe src=""https://www.vespa.academy/assets/VESPAResources/VESPAHandbook/PRACTICE/testyourfutureself/slides.html"" width=""576"" height=""420"" title=""PRACTICE - Test your Future Self"" allowfullscreen>
</iframe>
<hr style=""height:2px;background-color:#FFA500;border:none"" />
<p style=""text-align:center""><strong><a href=""https://www.vespa.academy/assets/MVIMAGES/VESPAHandbookPdfs/PRACTICE/PRACTICE%20-%20Test%20your%20future%20self%28editable%29.pdf"" target=""_blank""><span style=""color:rgb(227, 108, 9)"">DOWNLOAD PDF</span></a></strong>
</p>
<hr style=""height:2px;background-color:#FFA500;border:none"" />",,,,No,66cb9078ae5c8a02d6165091
GCSE Mindset,37,Effort,25min Sprints,Sbrintiau 25 Munud,February,GCSE Mindset,"<iframe src=""https://docs.google.com/presentation/d/e/2PACX-1vSfqvWrZBsH6QkVgE6bC8a3XeiL00S4ym_uOTshtZRV_A6Usd2GtDDosLzHep1j3pPghPBMTqTg412H/embed?start=false&loop=true&delayms=30000"" width=""480"" height=""299"" allowfullscreen=""true"">
</iframe><hr style=""height:2px;background-color:#a4c2f4;border:none"" /><p style=""text-align:center""><strong><a href=""https://www.vespa.academy/assets/MVIMAGES/GCSEMindsetPDFS/EFFORT - 25min Sprints.pdf"" target=""_blank""><span style=""color:rgb(31, 73, 125)"">DOWNLOAD PDF</span></a></strong>
</p><hr style=""height:2px;background-color:#a4c2f4;border:none"" />",,,,No,607ae12bb9af42001b0d5c9c
GCSE Mindset,36,Effort,Packing My Bags,Pacio Fy Magiau,February,GCSE Mindset,"<iframe src=""https://docs.google.com/presentation/d/e/2PACX-1vRjUpAVmyCKn-98aAKR_TX4dCXnovmWSvo535f7-gLUWFo8X4vTLSkMledVDKQpq19JQG9LKjXCwk2k/embed?start=false&loop=true&delayms=30000"" width=""480"" height=""299"" allowfullscreen=""true"">
</iframe><hr style=""height:2px;background-color:#a4c2f4;border:none"" /><p style=""text-align:center""><strong><a href=""https://www.vespa.academy/assets/MVIMAGES/GCSEMindsetPDFS/EFFORT - Packing Bags.pdf"" target=""_blank""><span style=""color:rgb(31, 73, 125)"">DOWNLOAD PDF</span></a></strong>
</p><hr style=""height:2px;background-color:#a4c2f4;border:none"" />",,,,No,607ae0f6585f77001bc1b122
GCSE Mindset,35,Effort,The Effort Thermometer,Thermomedr Ymdrech,February,GCSE Mindset,"<iframe src=""https://docs.google.com/presentation/d/e/2PACX-1vShsztw01l203KvNWPleTjl6iRzDjqNaTHAqU2aKA9egN6G1rAjGCGsEuZlvxFO8HciroylTPu9fvf_/embed?start=false&loop=true&delayms=30000"" width=""480"" height=""299"" allowfullscreen=""true"">
</iframe><hr style=""height:2px;background-color:#a4c2f4;border:none"" /><p style=""text-align:center""><strong><a href=""https://www.vespa.academy/assets/MVIMAGES/GCSEMindsetPDFS/EFFORT - Effort Thermometer.pdf"" target=""_blank""><span style=""color:rgb(31, 73, 125)"">DOWNLOAD PDF</span></a></strong>
</p><hr style=""height:2px;background-color:#a4c2f4;border:none"" />",,,,No,607ae0cc76f731001b3b2d90
GCSE Mindset,34,Attitude,Managing Reactions to Feedback,Rheoli Ymatebion i Adborth,January,GCSE Mindset,"<iframe src=""https://docs.google.com/presentation/d/e/2PACX-1vSc54SbkQxlU-PzvepVHw1fmVM6VZwA7Woh60rYjuxWrEa3Fsh1cFu7OxEajQppiB484wyHZWVbuXea/embed?start=false&loop=true&delayms=30000"" width=""480"" height=""299"" allowfullscreen=""true"">
</iframe><hr style=""height:2px;background-color:#ff769c;border:none"" /><p style=""text-align:center""><strong><a href=""https://www.vespa.academy/assets/MVIMAGES/GCSEMindsetPDFS/ATTITUDE - Managing Reactions.pdf"" target=""_blank""><span style=""color:rgb(192, 80, 77)"">DOWNLOAD PDF</span></a></strong>
</p><hr style=""height:2px;background-color:#ff769c;border:none"" />",,,,No,607ae00b76f731001b3b2ced
GCSE Mindset,33,Systems,The bottom left,Y Gwaelod Chwith,January,GCSE Mindset,"<iframe src=""https://docs.google.com/presentation/d/e/2PACX-1vQM9W8U8NLmwiDF0DwplbAMgLfQIordcTamQfCv_BPwukcwgEEHKm4WHf2LSYHM8-hP26IMrzSFNFcY/embed?start=false&loop=true&delayms=30000"" width=""480"" height=""299"" allowfullscreen=""true"">
</iframe><hr style=""height:2px;background-color:#aad950;border:none"" /><p style=""text-align:center""><strong><a href=""https://www.vespa.academy/assets/MVIMAGES/GCSEMindsetPDFS/SYSTEMS - The Bottom Left.pdf"" target=""_blank""><span style=""color:rgb(118, 146, 60)"">DOWNLOAD PDF</span></a></strong>
</p><hr style=""height:2px;background-color:#aad950;border:none"" />",,,,No,607adfb477a5c5001bd41a42
GCSE Mindset,32,Attitude,The Battery,Y Batri,November,GCSE Mindset,"<iframe src=""https://docs.google.com/presentation/d/e/2PACX-1vTGfCnsMZQw82pp-xnjNzJQjJapiGQwB1m2D4iXC2HlqC3WR4IyK3cDejvbm5ns1R4SjYXuB9sQYF7i/embed?start=false&loop=true&delayms=30000"" width=""480"" height=""299"" allowfullscreen=""true"">
</iframe><hr style=""height:2px;background-color:#ff769c;border:none"" /><p style=""text-align:center""><strong><a href=""https://www.vespa.academy/assets/MVIMAGES/GCSEMindsetPDFS/ATTITUDE - The Battery.pdf"" target=""_blank""><span style=""color:rgb(192, 80, 77)"">DOWNLOAD PDF</span></a></strong>
</p><hr style=""height:2px;background-color:#ff769c;border:none"" />",,,,No,607adf83f8ed44001c7b3887
GCSE Mindset,31,Vision,Ten year grid,Grid Deng Mlynedd,January,GCSE Mindset,"<iframe src=""https://docs.google.com/presentation/d/e/2PACX-1vRivCbwxHgNMUkFLQj3t-OPLbblCVpcPVXp6Qtc92NRA75X0iT-0KhaXZPBdOJKCVtOInrrCDs0gl7x/embed?start=false&loop=true&delayms=30000"" width=""480"" height=""299"" allowfullscreen=""true"">
</iframe><hr style=""height:2px;background-color:#FFA500;border:none"" /><p style=""text-align:center""><strong><a href=""https://www.vespa.academy/assets/MVIMAGES/GCSEMindsetPDFS/VISION - 10 Year Grid.pdf"" target=""_blank""><span style=""color:rgb(227, 108, 9)"">DOWNLOAD PDF</span></a></strong>
</p><hr style=""height:2px;background-color:#FFA500;border:none"" />",,,,No,607adf4ef8ed44001c7b385a
GCSE Mindset,30,Vision,Five Roads,Pum Ffordd,January,GCSE Mindset,"<iframe src=""https://docs.google.com/presentation/d/e/2PACX-1vR0fqNvdSUz9vr8HL4hgbuE1hzMHypEhdtXvFlydBYFxXDmVrGCHQMleEn6zXGmSyq0gqB_BFC9ydNT/embed?start=false&loop=true&delayms=30000"" width=""480"" height=""299"" allowfullscreen=""true"">
</iframe><hr style=""height:2px;background-color:#FFA500;border:none"" /><p style=""text-align:center""><strong><a href=""https://www.vespa.academy/assets/MVIMAGES/GCSEMindsetPDFS/VISION - Five Roads.pdf"" target=""_blank""><span style=""color:rgb(227, 108, 9)"">DOWNLOAD PDF</span></a></strong>
</p><hr style=""height:2px;background-color:#FFA500;border:none"" />",,,,No,607aded8f8ed44001c7b37f1
GCSE Mindset,29,Vision,Setting a personal best,Gosod Gorau Personol,December,GCSE Mindset,"<iframe src=""https://docs.google.com/presentation/d/e/2PACX-1vRKpMPyBbgXjOalk-qNwx1IwdMkvNxFakj63fcq-ACAnyvLLufKJCwphpAHl6kUC1qfE7v4TQezjJ3E/embed?start=false&loop=true&delayms=30000"" width=""480"" height=""299"" allowfullscreen=""true"">
</iframe><hr style=""height:2px;background-color:#FFA500;border:none"" /><p style=""text-align:center""><strong><a href=""https://www.vespa.academy/assets/MVIMAGES/GCSEMindsetPDFS/VISION - Personal Best.pdf"" target=""_blank""><span style=""color:rgb(227, 108, 9)"">DOWNLOAD PDF</span></a></strong>
</p><hr style=""height:2px;background-color:#FFA500;border:none"" />",,,,No,607adcfbb9af42001b0d58b0
GCSE Mindset,28,Vision,Success leaves clues,Mae Llwyddiant yn Gadael Cliwiau,December,GCSE Mindset,"<iframe src=""https://docs.google.com/presentation/d/e/2PACX-1vQmfjj30DT3mee5bA6EvBv9Wit7v-28NcZits6TZcuSk3fsUw1pO4uAJ3HYabPBTq27hLRQqCA9XHzK/embed?start=false&loop=true&delayms=30000"" width=""480"" height=""299"" allowfullscreen=""true"">
</iframe><hr style=""height:2px;background-color:#FFA500;border:none"" /><p style=""text-align:center""><strong><a href=""https://www.vespa.academy/assets/MVIMAGES/GCSEMindsetPDFS/VISION - Success leaves Clues.pdf"" target=""_blank""><span style=""color:rgb(227, 108, 9)"">DOWNLOAD PDF</span></a></strong>
</p><hr style=""height:2px;background-color:#FFA500;border:none"" />",,,,No,607adccdb9af42001b0d5885
VESPA Handbook,201,Practice,Verbal Recaps,Crynodebau Llafar,March,VESPA Handbook,"<iframe src=""https://www.vespa.academy/assets/VESPAResources/VESPAHandbook/PRACTICE/verbalrecaps/slides.html"" width=""576"" height=""420"" title=""PRACTICE - Verbal Recaps"" allowfullscreen>
</iframe>
<hr style=""height:2px;background-color:#FFA500;border:none"" />
<p style=""text-align:center""><strong><a href=""https://www.vespa.academy/assets/MVIMAGES/VESPAHandbookPdfs/PRACTICE/PRACTICE%20-%20Verbal%20Recaps%28editable%29.pdff"" target=""_blank""><span style=""color:rgb(227, 108, 9)"">DOWNLOAD PDF</span></a></strong>
</p>
<hr style=""height:2px;background-color:#FFA500;border:none"" />",,,,No,66cb9078ae5c8a02d616508a
GCSE Mindset,26,Effort,Three how's of independent work,Tri 'Sut' Gwaith Annibynnol,December,GCSE Mindset,"<iframe src=""https://docs.google.com/presentation/d/e/2PACX-1vQRJfus_kkFXeprjMEDjxicLa1LcUwAn4MJpi8YaObOjl6jUSoH03mjj_hadEz2_akH9sqrhDVsuSJH/embed?start=false&loop=true&delayms=30000"" width=""480"" height=""299"" allowfullscreen=""true"">
</iframe><hr style=""height:2px;background-color:#a4c2f4;border:none"" /><p style=""text-align:center""><strong><a href=""https://www.vespa.academy/assets/MVIMAGES/GCSEMindsetPDFS/EFFORT - 3 How's of Independent Work.pdf"" target=""_blank""><span style=""color:rgb(31, 73, 125)"">DOWNLOAD PDF</span></a></strong>
</p><hr style=""height:2px;background-color:#a4c2f4;border:none"" />",,,,No,607adc19585f77001bc1abe0
VESPA Handbook,200,Practice,Closed Book Notetaking,Gwneud Nodiadau Llyfr Caeedig,Febuary,VESPA Handbook,"<iframe src=""https://www.vespa.academy/assets/VESPAResources/VESPAHandbook/PRACTICE/closedbooknotetaking/slides.html"" width=""576"" height=""420"" title=""PRACTICE - Closed Book Notetaking"" allowfullscreen>
</iframe>
<hr style=""height:2px;background-color:#FFA500;border:none"" />
<p style=""text-align:center""><strong><a href=""https://www.vespa.academy/assets/MVIMAGES/VESPAHandbookPdfs/PRACTICE/PRACTICE%20-%20Closed%20Book%20Notetaking%28editable%29.pdf"" target=""_blank""><span style=""color:rgb(227, 108, 9)"">DOWNLOAD PDF</span></a></strong>
</p>
<hr style=""height:2px;background-color:#FFA500;border:none"" />",,,,No,66cb9078ae5c8a02d6165083
GCSE Mindset,24,Effort,Looking under rocks,Edrych o Dan Gerrig,November,GCSE Mindset,"<iframe src=""https://docs.google.com/presentation/d/e/2PACX-1vRaCv7FIthaDI0YXv01CdwviGn5r0mYbnPNroUPDhjrc8fn4vD84CrJ54ppputXR3s5Jir4OInCmn_v/embed?start=false&loop=true&delayms=30000"" width=""480"" height=""299"" allowfullscreen=""true"">
</iframe><hr style=""height:2px;background-color:#a4c2f4;border:none"" /><p style=""text-align:center""><strong><a href=""https://www.vespa.academy/assets/MVIMAGES/GCSEMindsetPDFS/EFFORT - Looking under Rocks.pdf"" target=""_blank""><span style=""color:rgb(31, 73, 125)"">DOWNLOAD PDF</span></a></strong>
</p><hr style=""height:2px;background-color:#a4c2f4;border:none"" />",,,,No,607ada68585f77001bc1aa47
GCSE Mindset,23,Attitude,Network Audits,Archwiliadau Rhwydwaith,November,GCSE Mindset,"<iframe src=""https://docs.google.com/presentation/d/e/2PACX-1vRrd1s67cu4ltetaErle4jFmhehdyrflRV-eeInGVJ2UlfM2morwMSb1O7cmwAl7qtV9N9pXFxXkfmD/embed?start=false&loop=true&delayms=30000"" width=""480"" height=""299"" allowfullscreen=""true"">
</iframe><hr style=""height:2px;background-color:#ff769c;border:none"" /><p style=""text-align:center""><strong><a href=""https://www.vespa.academy/assets/MVIMAGES/GCSEMindsetPDFS/ATTITUDE - Network Audits.pdf"" target=""_blank""><span style=""color:rgb(192, 80, 77)"">DOWNLOAD PDF</span></a></strong>
</p><hr style=""height:2px;background-color:#ff769c;border:none"" />",,,,No,607ada3f76f731001b3b2683
GCSE Mindset,22,Systems,Three types of attention,Tri Math o Sylw,November,GCSE Mindset,"<iframe src=""https://docs.google.com/presentation/d/e/2PACX-1vTLLLJ9rjIqyS3n0HXKTVxhhckJv6oUdWEld01I1z5zwTwLrfmUCPGc0lyclWzO14ZBKzOGlH2WsDXY/embed?start=false&loop=true&delayms=30000"" width=""480"" height=""299"" allowfullscreen=""true"">
</iframe><hr style=""height:2px;background-color:#aad950;border:none"" /><p style=""text-align:center""><strong><a href=""https://www.vespa.academy/assets/MVIMAGES/GCSEMindsetPDFS/SYSTEMS - 3 Types of Attention.pdf"" target=""_blank""><span style=""color:rgb(118, 146, 60)"">DOWNLOAD PDF</span></a></strong>
</p><hr style=""height:2px;background-color:#aad950;border:none"" />",,,,No,607ada05585f77001bc1a9e1
VESPA Handbook,199,Practice,High & Low Utility,Defnyddioldeb Uchel ac Isel,January,VESPA Handbook,"<iframe src=""https://www.vespa.academy/assets/VESPAResources/VESPAHandbook/PRACTICE/high%26lowutility/slides.html"" width=""576"" height=""420"" title=""PRACTICE - High & Low Utility"" allowfullscreen>
</iframe>
<hr style=""height:2px;background-color:#FFA500;border:none"" />
<p style=""text-align:center""><strong><a href=""https://www.vespa.academy/assets/MVIMAGES/VESPAHandbookPdfs/PRACTICE/PRACTICE%20-%20High%20and%20Low%20Utility%28editable%29.pdf"" target=""_blank""><span style=""color:rgb(227, 108, 9)"">DOWNLOAD PDF</span></a></strong>
</p>
<hr style=""height:2px;background-color:#FFA500;border:none"" />",,,,No,66cb9078ae5c8a02d616507c
GCSE Mindset,20,Vision,VISION - Grit,GWELEDIGAETH - Grit,October,GCSE Mindset,"<iframe src=""https://docs.google.com/presentation/d/e/2PACX-1vRV5HHBVTUm08jtcQ_fqzhsQda4JGh4CPC-NcyBCGETuzEbfkg3GwKUoZ3dqKptw0VW5CnnIwD--EwS/embed?start=false&loop=true&delayms=30000"" width=""480"" height=""299"" allowfullscreen=""true"">
</iframe><hr style=""height:2px;background-color:#FFA500;border:none"" /><p style=""text-align:center""><strong><a href=""https://www.vespa.academy/assets/MVIMAGES/GCSEMindsetPDFS/VISION - Grit.pdf"" target=""_blank""><span style=""color:rgb(227, 108, 9)"">DOWNLOAD PDF</span></a></strong>
</p><hr style=""height:2px;background-color:#FFA500;border:none"" />",,,,No,607ad011841fde001b9e003a
GCSE Mindset,19,Systems,Chunking Steps,Torri Camau'n Ddarnau,October,GCSE Mindset,"<iframe src=""https://docs.google.com/presentation/d/e/2PACX-1vRJgmoGj_rsssC515sC2idyJT4XNjjQlvqaiDHeBXnJwtm2_z6UvuO-J2DetRR4jvTeLuUlk_FQUDPQ/embed?start=false&loop=true&delayms=30000"" width=""480"" height=""299"" allowfullscreen=""true"">
</iframe><hr style=""height:2px;background-color:#aad950;border:none"" /><p style=""text-align:center""><strong><a href=""https://www.vespa.academy/assets/MVIMAGES/GCSEMindsetPDFS/SYSTEMS - Chunking Steps.pdf"" target=""_blank""><span style=""color:rgb(118, 146, 60)"">DOWNLOAD PDF</span></a></strong>
</p><hr style=""height:2px;background-color:#aad950;border:none"" />",,,,No,607acfdb841fde001b9dfffc
GCSE Mindset,18,Vision,The Rule of Three,Rheol Tri,October,GCSE Mindset,"<iframe src=""https://docs.google.com/presentation/d/e/2PACX-1vRe9rBebLx2Q1_OUUUFYZaucGf4FzuuklTSJiVjDse9IpwzrF9FRezFdrItnNLWRhc5GVPYBmRdq6au/embed?start=false&loop=true&delayms=30000"" width=""480"" height=""299"" allowfullscreen=""true"">
</iframe><hr style=""height:2px;background-color:#FFA500;border:none"" /><p style=""text-align:center""><strong><a href=""https://www.vespa.academy/assets/MVIMAGES/GCSEMindsetPDFS/VISION - Rule of 3.pdf"" target=""_blank""><span style=""color:rgb(227, 108, 9)"">DOWNLOAD PDF</span></a></strong>
</p><hr style=""height:2px;background-color:#FFA500;border:none"" />",,,,No,607767e7ef7b4f001cd281ab
GCSE Mindset,17,Systems,The Weekly Planner,Y Cynlluniwr Wythnosol,October,GCSE Mindset,"<iframe src=""https://docs.google.com/presentation/d/e/2PACX-1vTPJC2wVt5bHjmgk4sW4fmNncRPxZTUed3iecuUVlqzE_AalWJJL3ah9vGtQDKkCZjWU_AdgsrM6gM7/embed?start=false&loop=true&delayms=30000"" width=""480"" height=""299"" allowfullscreen=""true"">
</iframe><hr style=""height:2px;background-color:#aad950;border:none"" /><p style=""text-align:center""><strong><a href=""https://www.vespa.academy/assets/MVIMAGES/GCSEMindsetPDFS/SYSTEMS - Weekly Planner.pdf"" target=""_blank""><span style=""color:rgb(118, 146, 60)"">DOWNLOAD PDF</span></a></strong>
</p><hr style=""height:2px;background-color:#aad950;border:none"" />",,,,No,607767d4a41503001b5a55cb
GCSE Mindset,16,Vision,The Roadmap,Y Map Ffordd,October,GCSE Mindset,"<iframe src=""https://docs.google.com/presentation/d/e/2PACX-1vRWycHafKgmAylZyUhA0lZf06v4VSj9a9LZsXuuC7hwufBYV9ycWwXaxRBHEGrcBJ5ZvKT0pV_dQFJk/embed?start=false&loop=false&delayms=3000"" width=""480"" height=""299"" allowfullscreen=""true"">
</iframe><hr style=""height:2px;background-color:#FFA500;border:none"" /><p style=""text-align:center""><strong><a href=""https://www.vespa.academy/assets/MVIMAGES/GCSEMindsetPDFS/VISION - Roadmap.pdf"" target=""_blank""><span style=""color:rgb(227, 108, 9)"">DOWNLOAD PDF</span></a></strong>
</p><hr style=""height:2px;background-color:#FFA500;border:none"" />",,,,No,607767a0d66606001b48d065
GCSE Mindset,15,Attitude,Growth Mindset,Meddylfryd Twf,September,GCSE Mindset,"<iframe src=""https://docs.google.com/presentation/d/e/2PACX-1vS-vAsz7shnuyxuoV7WvyWX1p_ZNdS5ZGz9kpBR0KE6JPm3ijOWo5M8b_jNoMG3_CE0-n1BSvcTtyD2/embed?start=false&loop=false&delayms=3000"" width=""480"" height=""299"" allowfullscreen=""true"">
</iframe><hr style=""height:2px;background-color:#ff769c;border:none"" /><p style=""text-align:center""><strong><a href=""https://www.vespa.academy/assets/MVIMAGES/GCSEMindsetPDFS/ATTITUDE - Growth Mindset.pdf"" target=""_blank""><span style=""color:rgb(192, 80, 77)"">DOWNLOAD PDF</span></a></strong>
</p><hr style=""height:2px;background-color:#ff769c;border:none"" />",,,,No,60776785f1b3ad001b530a15
GCSE Mindset,14,Effort,Mission & Medal,Cenhadaeth a Medal,September,GCSE Mindset,"<iframe src=""https://docs.google.com/presentation/d/e/2PACX-1vSkXyL3t0pTiA3CeAkymS70ewKmnasjllb8D2k30F8QdEApqVg31-wqnIm6k61CGViILHmdulNQnow7/embed?start=false&loop=false&delayms=3000"" width=""480"" height=""299"" allowfullscreen=""true"">
</iframe><hr style=""height:2px;background-color:#a4c2f4;border:none"" /><p style=""text-align:center""><strong><a href=""https://www.vespa.academy/assets/MVIMAGES/GCSEMindsetPDFS/EFFORT - Mision & Medal.pdf"" target=""_blank""><span style=""color:rgb(31, 73, 125)"">DOWNLOAD PDF</span></a></strong>
</p><hr style=""height:2px;background-color:#a4c2f4;border:none"" />",,,,No,60776765a41503001b5a558e
GCSE Mindset,13,Vision,Personal Compass,Cwmpawd Personol,September,GCSE Mindset,"<iframe src=""https://docs.google.com/presentation/d/e/2PACX-1vTJPz5IJVQAUIhsbm_WPn7Jje7mOw1RSBIHez7uKvzqeFdjYBoB52f_tqPP5fOEtG_BNctteymNgpMe/embed?start=false&loop=false&delayms=3000"" width=""480"" height=""299"" allowfullscreen=""true"">
</iframe><hr style=""height:2px;background-color:#FFA500;border:none"" /><p style=""text-align:center""><strong><a href=""https://www.vespa.academy/assets/MVIMAGES/GCSEMindsetPDFS/VISION - Personal Compass.pdf"" target=""_blank""><span style=""color:rgb(227, 108, 9)"">DOWNLOAD PDF</span></a></strong>
</p><hr style=""height:2px;background-color:#FFA500;border:none"" />",,,,No,6077674ef1b3ad001b5309f9
GCSE Mindset,12,Vision,Motivation Diamond,Diemwnt Cymhelliant,September,GCSE Mindset,"<iframe src=""https://docs.google.com/presentation/d/e/2PACX-1vSzUcBZNdXVUjJLf_cf_rc3Kmpf-0LjfUImi8CfcEX5baMJ0pXD4ceGqdiMx1y-WkzNTlgik74Llo6z/embed?start=false&loop=false&delayms=3000"" width=""480"" height=""299"" allowfullscreen=""true"">
</iframe><hr style=""height:2px;background-color:#FFA500;border:none"" /><p style=""text-align:center""><strong><a href=""https://www.vespa.academy/assets/MVIMAGES/GCSEMindsetPDFS/VISION - MotivationD.pdf"" target=""_blank""><span style=""color:rgb(227, 108, 9)"">DOWNLOAD PDF</span></a></strong>
</p><hr style=""height:2px;background-color:#FFA500;border:none"" />",,,,No,607766eed66606001b48d001
